vuln_id,check_type,title,raw_snippet
dell-idrac-cve-2019-3705-10g,unknown,,"Total number of vulnerability checks: 0

|------------------|---------------|--------|-------------|
| Vulnerability ID | Vuln Check ID | Plugin | Plugin Tags |
|------------------|---------------|--------|-------------|
"
dell-idrac-cve-2019-3705-11g,unknown,,"Total number of vulnerability checks: 0

|------------------|---------------|--------|-------------|
| Vulnerability ID | Vuln Check ID | Plugin | Plugin Tags |
|------------------|---------------|--------|-------------|
"
dell-idrac-cve-2019-3705-12g,unknown,,"Total number of vulnerability checks: 0

|------------------|---------------|--------|-------------|
| Vulnerability ID | Vuln Check ID | Plugin | Plugin Tags |
|------------------|---------------|--------|-------------|
"
dell-idrac-cve-2019-3705-13g,unknown,,"Total number of vulnerability checks: 0

|------------------|---------------|--------|-------------|
| Vulnerability ID | Vuln Check ID | Plugin | Plugin Tags |
|------------------|---------------|--------|-------------|
"
dell-idrac-cve-2019-3705-14g,unknown,,"Total number of vulnerability checks: 0

|------------------|---------------|--------|-------------|
| Vulnerability ID | Vuln Check ID | Plugin | Plugin Tags |
|------------------|---------------|--------|-------------|
"
dell-idrac-cve-2019-3705-15g,unknown,,"Total number of vulnerability checks: 0

|------------------|---------------|--------|-------------|
| Vulnerability ID | Vuln Check ID | Plugin | Plugin Tags |
|------------------|---------------|--------|-------------|
"
dell-idrac-cve-2019-3705-16g,unknown,,"Total number of vulnerability checks: 0

|------------------|---------------|--------|-------------|
| Vulnerability ID | Vuln Check ID | Plugin | Plugin Tags |
|------------------|---------------|--------|-------------|
"
dell-idrac-cve-2019-3705,remote,,"Total number of vulnerability checks: 7

|--------------------------|------------------------------|-----------------------|-------------------------|
| Vulnerability ID         | Vuln Check ID                | Plugin                | Plugin Tags             |
|--------------------------|-----------"
dell-idrac-cve-2019-3706-14g,unknown,,"Total number of vulnerability checks: 0

|------------------|---------------|--------|-------------|
| Vulnerability ID | Vuln Check ID | Plugin | Plugin Tags |
|------------------|---------------|--------|-------------|
"
dell-idrac-cve-2019-3706-15g,unknown,,"Total number of vulnerability checks: 0

|------------------|---------------|--------|-------------|
| Vulnerability ID | Vuln Check ID | Plugin | Plugin Tags |
|------------------|---------------|--------|-------------|
"
dell-idrac-cve-2019-3706-16g,unknown,,"Total number of vulnerability checks: 0

|------------------|---------------|--------|-------------|
| Vulnerability ID | Vuln Check ID | Plugin | Plugin Tags |
|------------------|---------------|--------|-------------|
"
dell-idrac-cve-2019-3706,remote,,"Total number of vulnerability checks: 3

|--------------------------|------------------------------|-----------------------|-------------------------|
| Vulnerability ID         | Vuln Check ID                | Plugin                | Plugin Tags             |
|--------------------------|-----------"
dell-idrac-cve-2019-3707-14g,unknown,,"Total number of vulnerability checks: 0

|------------------|---------------|--------|-------------|
| Vulnerability ID | Vuln Check ID | Plugin | Plugin Tags |
|------------------|---------------|--------|-------------|
"
dell-idrac-cve-2019-3707-15g,unknown,,"Total number of vulnerability checks: 0

|------------------|---------------|--------|-------------|
| Vulnerability ID | Vuln Check ID | Plugin | Plugin Tags |
|------------------|---------------|--------|-------------|
"
dell-idrac-cve-2019-3707-16g,unknown,,"Total number of vulnerability checks: 0

|------------------|---------------|--------|-------------|
| Vulnerability ID | Vuln Check ID | Plugin | Plugin Tags |
|------------------|---------------|--------|-------------|
"
dell-idrac-cve-2019-3707,remote,,"Total number of vulnerability checks: 3

|--------------------------|------------------------------|-----------------------|-------------------------|
| Vulnerability ID         | Vuln Check ID                | Plugin                | Plugin Tags             |
|--------------------------|-----------"
dell-idrac-cve-2019-3764-12g,unknown,,"Total number of vulnerability checks: 0

|------------------|---------------|--------|-------------|
| Vulnerability ID | Vuln Check ID | Plugin | Plugin Tags |
|------------------|---------------|--------|-------------|
"
dell-idrac-cve-2019-3764-13g,unknown,,"Total number of vulnerability checks: 0

|------------------|---------------|--------|-------------|
| Vulnerability ID | Vuln Check ID | Plugin | Plugin Tags |
|------------------|---------------|--------|-------------|
"
dell-idrac-cve-2019-3764-14g,unknown,,"Total number of vulnerability checks: 0

|------------------|---------------|--------|-------------|
| Vulnerability ID | Vuln Check ID | Plugin | Plugin Tags |
|------------------|---------------|--------|-------------|
"
dell-idrac-cve-2019-3764-15g,unknown,,"Total number of vulnerability checks: 0

|------------------|---------------|--------|-------------|
| Vulnerability ID | Vuln Check ID | Plugin | Plugin Tags |
|------------------|---------------|--------|-------------|
"
dell-idrac-cve-2019-3764-16g,unknown,,"Total number of vulnerability checks: 0

|------------------|---------------|--------|-------------|
| Vulnerability ID | Vuln Check ID | Plugin | Plugin Tags |
|------------------|---------------|--------|-------------|
"
dell-idrac-cve-2019-3764,remote,,"Total number of vulnerability checks: 5

|--------------------------|------------------------------|-----------------------|-------------------------|
| Vulnerability ID         | Vuln Check ID                | Plugin                | Plugin Tags             |
|--------------------------|-----------"
dell-idrac-cve-2020-26198-14g,unknown,,"Total number of vulnerability checks: 0

|------------------|---------------|--------|-------------|
| Vulnerability ID | Vuln Check ID | Plugin | Plugin Tags |
|------------------|---------------|--------|-------------|
"
dell-idrac-cve-2020-26198-15g,unknown,,"Total number of vulnerability checks: 0

|------------------|---------------|--------|-------------|
| Vulnerability ID | Vuln Check ID | Plugin | Plugin Tags |
|------------------|---------------|--------|-------------|
"
dell-idrac-cve-2020-26198-16g,unknown,,"Total number of vulnerability checks: 0

|------------------|---------------|--------|-------------|
| Vulnerability ID | Vuln Check ID | Plugin | Plugin Tags |
|------------------|---------------|--------|-------------|
"
dell-idrac-cve-2020-26198,remote,,"Total number of vulnerability checks: 3

|---------------------------|-------------------------------|-----------------------|-------------------------|
| Vulnerability ID          | Vuln Check ID                 | Plugin                | Plugin Tags             |
|---------------------------|------"
dell-idrac-cve-2020-5344-12g,unknown,,"Total number of vulnerability checks: 0

|------------------|---------------|--------|-------------|
| Vulnerability ID | Vuln Check ID | Plugin | Plugin Tags |
|------------------|---------------|--------|-------------|
"
dell-idrac-cve-2020-5344-13g,unknown,,"Total number of vulnerability checks: 0

|------------------|---------------|--------|-------------|
| Vulnerability ID | Vuln Check ID | Plugin | Plugin Tags |
|------------------|---------------|--------|-------------|
"
dell-idrac-cve-2020-5344-14g,unknown,,"Total number of vulnerability checks: 0

|------------------|---------------|--------|-------------|
| Vulnerability ID | Vuln Check ID | Plugin | Plugin Tags |
|------------------|---------------|--------|-------------|
"
dell-idrac-cve-2020-5344-15g,unknown,,"Total number of vulnerability checks: 0

|------------------|---------------|--------|-------------|
| Vulnerability ID | Vuln Check ID | Plugin | Plugin Tags |
|------------------|---------------|--------|-------------|
"
dell-idrac-cve-2020-5344-16g,unknown,,"Total number of vulnerability checks: 0

|------------------|---------------|--------|-------------|
| Vulnerability ID | Vuln Check ID | Plugin | Plugin Tags |
|------------------|---------------|--------|-------------|
"
dell-idrac-cve-2020-5344,remote,,"Total number of vulnerability checks: 5

|--------------------------|------------------------------|-----------------------|-------------------------|
| Vulnerability ID         | Vuln Check ID                | Plugin                | Plugin Tags             |
|--------------------------|-----------"
dell-idrac-cve-2020-5366-14g,unknown,,"Total number of vulnerability checks: 0

|------------------|---------------|--------|-------------|
| Vulnerability ID | Vuln Check ID | Plugin | Plugin Tags |
|------------------|---------------|--------|-------------|
"
dell-idrac-cve-2020-5366-15g,unknown,,"Total number of vulnerability checks: 0

|------------------|---------------|--------|-------------|
| Vulnerability ID | Vuln Check ID | Plugin | Plugin Tags |
|------------------|---------------|--------|-------------|
"
dell-idrac-cve-2020-5366-16g,unknown,,"Total number of vulnerability checks: 0

|------------------|---------------|--------|-------------|
| Vulnerability ID | Vuln Check ID | Plugin | Plugin Tags |
|------------------|---------------|--------|-------------|
"
dell-idrac-cve-2020-5366,remote,,"Total number of vulnerability checks: 3

|--------------------------|------------------------------|-----------------------|-------------------------|
| Vulnerability ID         | Vuln Check ID                | Plugin                | Plugin Tags             |
|--------------------------|-----------"
dell-idrac-cve-2021-20235-13g,unknown,,"Total number of vulnerability checks: 0

|------------------|---------------|--------|-------------|
| Vulnerability ID | Vuln Check ID | Plugin | Plugin Tags |
|------------------|---------------|--------|-------------|
"
dell-idrac-cve-2021-20235-14g,unknown,,"Total number of vulnerability checks: 0

|------------------|---------------|--------|-------------|
| Vulnerability ID | Vuln Check ID | Plugin | Plugin Tags |
|------------------|---------------|--------|-------------|
"
dell-idrac-cve-2021-20235-15g,unknown,,"Total number of vulnerability checks: 0

|------------------|---------------|--------|-------------|
| Vulnerability ID | Vuln Check ID | Plugin | Plugin Tags |
|------------------|---------------|--------|-------------|
"
dell-idrac-cve-2021-20235-16g,unknown,,"Total number of vulnerability checks: 0

|------------------|---------------|--------|-------------|
| Vulnerability ID | Vuln Check ID | Plugin | Plugin Tags |
|------------------|---------------|--------|-------------|
"
dell-idrac-cve-2021-21510-13g,unknown,,"Total number of vulnerability checks: 0

|------------------|---------------|--------|-------------|
| Vulnerability ID | Vuln Check ID | Plugin | Plugin Tags |
|------------------|---------------|--------|-------------|
"
dell-idrac-cve-2021-21510,remote,,"Total number of vulnerability checks: 1

|---------------------------|-------------------------------|-----------------------|-------------------------|
| Vulnerability ID          | Vuln Check ID                 | Plugin                | Plugin Tags             |
|---------------------------|------"
dell-idrac-cve-2021-21538-14g,unknown,,"Total number of vulnerability checks: 0

|------------------|---------------|--------|-------------|
| Vulnerability ID | Vuln Check ID | Plugin | Plugin Tags |
|------------------|---------------|--------|-------------|
"
dell-idrac-cve-2021-21538-15g,unknown,,"Total number of vulnerability checks: 0

|------------------|---------------|--------|-------------|
| Vulnerability ID | Vuln Check ID | Plugin | Plugin Tags |
|------------------|---------------|--------|-------------|
"
dell-idrac-cve-2021-21538-16g,unknown,,"Total number of vulnerability checks: 0

|------------------|---------------|--------|-------------|
| Vulnerability ID | Vuln Check ID | Plugin | Plugin Tags |
|------------------|---------------|--------|-------------|
"
dell-idrac-cve-2021-21538,remote,,"Total number of vulnerability checks: 3

|---------------------------|-------------------------------|-----------------------|-------------------------|
| Vulnerability ID          | Vuln Check ID                 | Plugin                | Plugin Tags             |
|---------------------------|------"
dell-idrac-cve-2021-21539-14g,unknown,,"Total number of vulnerability checks: 0

|------------------|---------------|--------|-------------|
| Vulnerability ID | Vuln Check ID | Plugin | Plugin Tags |
|------------------|---------------|--------|-------------|
"
dell-idrac-cve-2021-21539-15g,unknown,,"Total number of vulnerability checks: 0

|------------------|---------------|--------|-------------|
| Vulnerability ID | Vuln Check ID | Plugin | Plugin Tags |
|------------------|---------------|--------|-------------|
"
dell-idrac-cve-2021-21539-16g,unknown,,"Total number of vulnerability checks: 0

|------------------|---------------|--------|-------------|
| Vulnerability ID | Vuln Check ID | Plugin | Plugin Tags |
|------------------|---------------|--------|-------------|
"
dell-idrac-cve-2021-21539,remote,,"Total number of vulnerability checks: 3

|---------------------------|-------------------------------|-----------------------|-------------------------|
| Vulnerability ID          | Vuln Check ID                 | Plugin                | Plugin Tags             |
|---------------------------|------"
dell-idrac-cve-2021-21540-14g,unknown,,"Total number of vulnerability checks: 0

|------------------|---------------|--------|-------------|
| Vulnerability ID | Vuln Check ID | Plugin | Plugin Tags |
|------------------|---------------|--------|-------------|
"
dell-idrac-cve-2021-21540-15g,unknown,,"Total number of vulnerability checks: 0

|------------------|---------------|--------|-------------|
| Vulnerability ID | Vuln Check ID | Plugin | Plugin Tags |
|------------------|---------------|--------|-------------|
"
dell-idrac-cve-2021-21540-16g,unknown,,"Total number of vulnerability checks: 0

|------------------|---------------|--------|-------------|
| Vulnerability ID | Vuln Check ID | Plugin | Plugin Tags |
|------------------|---------------|--------|-------------|
"
dell-idrac-cve-2021-21540,remote,,"Total number of vulnerability checks: 3

|---------------------------|-------------------------------|-----------------------|-------------------------|
| Vulnerability ID          | Vuln Check ID                 | Plugin                | Plugin Tags             |
|---------------------------|------"
dell-idrac-cve-2021-21541-14g,unknown,,"Total number of vulnerability checks: 0

|------------------|---------------|--------|-------------|
| Vulnerability ID | Vuln Check ID | Plugin | Plugin Tags |
|------------------|---------------|--------|-------------|
"
dell-idrac-cve-2021-21541-15g,unknown,,"Total number of vulnerability checks: 0

|------------------|---------------|--------|-------------|
| Vulnerability ID | Vuln Check ID | Plugin | Plugin Tags |
|------------------|---------------|--------|-------------|
"
dell-idrac-cve-2021-21541-16g,unknown,,"Total number of vulnerability checks: 0

|------------------|---------------|--------|-------------|
| Vulnerability ID | Vuln Check ID | Plugin | Plugin Tags |
|------------------|---------------|--------|-------------|
"
dell-idrac-cve-2021-21541,remote,,"Total number of vulnerability checks: 3

|---------------------------|-------------------------------|-----------------------|-------------------------|
| Vulnerability ID          | Vuln Check ID                 | Plugin                | Plugin Tags             |
|---------------------------|------"
dell-idrac-cve-2021-21542-14g,unknown,,"Total number of vulnerability checks: 0

|------------------|---------------|--------|-------------|
| Vulnerability ID | Vuln Check ID | Plugin | Plugin Tags |
|------------------|---------------|--------|-------------|
"
dell-idrac-cve-2021-21542-15g,unknown,,"Total number of vulnerability checks: 0

|------------------|---------------|--------|-------------|
| Vulnerability ID | Vuln Check ID | Plugin | Plugin Tags |
|------------------|---------------|--------|-------------|
"
dell-idrac-cve-2021-21542-16g,unknown,,"Total number of vulnerability checks: 0

|------------------|---------------|--------|-------------|
| Vulnerability ID | Vuln Check ID | Plugin | Plugin Tags |
|------------------|---------------|--------|-------------|
"
dell-idrac-cve-2021-21542,remote,,"Total number of vulnerability checks: 3

|---------------------------|-------------------------------|-----------------------|-------------------------|
| Vulnerability ID          | Vuln Check ID                 | Plugin                | Plugin Tags             |
|---------------------------|------"
dell-idrac-cve-2021-21543-14g,unknown,,"Total number of vulnerability checks: 0

|------------------|---------------|--------|-------------|
| Vulnerability ID | Vuln Check ID | Plugin | Plugin Tags |
|------------------|---------------|--------|-------------|
"
dell-idrac-cve-2021-21543-15g,unknown,,"Total number of vulnerability checks: 0

|------------------|---------------|--------|-------------|
| Vulnerability ID | Vuln Check ID | Plugin | Plugin Tags |
|------------------|---------------|--------|-------------|
"
dell-idrac-cve-2021-21543-16g,unknown,,"Total number of vulnerability checks: 0

|------------------|---------------|--------|-------------|
| Vulnerability ID | Vuln Check ID | Plugin | Plugin Tags |
|------------------|---------------|--------|-------------|
"
dell-idrac-cve-2021-21543,remote,,"Total number of vulnerability checks: 3

|---------------------------|-------------------------------|-----------------------|-------------------------|
| Vulnerability ID          | Vuln Check ID                 | Plugin                | Plugin Tags             |
|---------------------------|------"
dell-idrac-cve-2021-21544-14g,unknown,,"Total number of vulnerability checks: 0

|------------------|---------------|--------|-------------|
| Vulnerability ID | Vuln Check ID | Plugin | Plugin Tags |
|------------------|---------------|--------|-------------|
"
dell-idrac-cve-2021-21544-15g,unknown,,"Total number of vulnerability checks: 0

|------------------|---------------|--------|-------------|
| Vulnerability ID | Vuln Check ID | Plugin | Plugin Tags |
|------------------|---------------|--------|-------------|
"
dell-idrac-cve-2021-21544-16g,unknown,,"Total number of vulnerability checks: 0

|------------------|---------------|--------|-------------|
| Vulnerability ID | Vuln Check ID | Plugin | Plugin Tags |
|------------------|---------------|--------|-------------|
"
dell-idrac-cve-2021-21544,remote,,"Total number of vulnerability checks: 3

|---------------------------|-------------------------------|-----------------------|-------------------------|
| Vulnerability ID          | Vuln Check ID                 | Plugin                | Plugin Tags             |
|---------------------------|------"
dell-idrac-cve-2021-21576-14g,unknown,,"Total number of vulnerability checks: 0

|------------------|---------------|--------|-------------|
| Vulnerability ID | Vuln Check ID | Plugin | Plugin Tags |
|------------------|---------------|--------|-------------|
"
dell-idrac-cve-2021-21576-15g,unknown,,"Total number of vulnerability checks: 0

|------------------|---------------|--------|-------------|
| Vulnerability ID | Vuln Check ID | Plugin | Plugin Tags |
|------------------|---------------|--------|-------------|
"
dell-idrac-cve-2021-21576-16g,unknown,,"Total number of vulnerability checks: 0

|------------------|---------------|--------|-------------|
| Vulnerability ID | Vuln Check ID | Plugin | Plugin Tags |
|------------------|---------------|--------|-------------|
"
dell-idrac-cve-2021-21576,remote,,"Total number of vulnerability checks: 3

|---------------------------|-------------------------------|-----------------------|-------------------------|
| Vulnerability ID          | Vuln Check ID                 | Plugin                | Plugin Tags             |
|---------------------------|------"
dell-idrac-cve-2021-21577-14g,unknown,,"Total number of vulnerability checks: 0

|------------------|---------------|--------|-------------|
| Vulnerability ID | Vuln Check ID | Plugin | Plugin Tags |
|------------------|---------------|--------|-------------|
"
dell-idrac-cve-2021-21577-15g,unknown,,"Total number of vulnerability checks: 0

|------------------|---------------|--------|-------------|
| Vulnerability ID | Vuln Check ID | Plugin | Plugin Tags |
|------------------|---------------|--------|-------------|
"
dell-idrac-cve-2021-21577-16g,unknown,,"Total number of vulnerability checks: 0

|------------------|---------------|--------|-------------|
| Vulnerability ID | Vuln Check ID | Plugin | Plugin Tags |
|------------------|---------------|--------|-------------|
"
dell-idrac-cve-2021-21577,remote,,"Total number of vulnerability checks: 3

|---------------------------|-------------------------------|-----------------------|-------------------------|
| Vulnerability ID          | Vuln Check ID                 | Plugin                | Plugin Tags             |
|---------------------------|------"
dell-idrac-cve-2021-21578-14g,unknown,,"Total number of vulnerability checks: 0

|------------------|---------------|--------|-------------|
| Vulnerability ID | Vuln Check ID | Plugin | Plugin Tags |
|------------------|---------------|--------|-------------|
"
dell-idrac-cve-2021-21578-15g,unknown,,"Total number of vulnerability checks: 0

|------------------|---------------|--------|-------------|
| Vulnerability ID | Vuln Check ID | Plugin | Plugin Tags |
|------------------|---------------|--------|-------------|
"
dell-idrac-cve-2021-21578-16g,unknown,,"Total number of vulnerability checks: 0

|------------------|---------------|--------|-------------|
| Vulnerability ID | Vuln Check ID | Plugin | Plugin Tags |
|------------------|---------------|--------|-------------|
"
dell-idrac-cve-2021-21578,remote,,"Total number of vulnerability checks: 3

|---------------------------|-------------------------------|-----------------------|-------------------------|
| Vulnerability ID          | Vuln Check ID                 | Plugin                | Plugin Tags             |
|---------------------------|------"
dell-idrac-cve-2021-21579-14g,unknown,,"Total number of vulnerability checks: 0

|------------------|---------------|--------|-------------|
| Vulnerability ID | Vuln Check ID | Plugin | Plugin Tags |
|------------------|---------------|--------|-------------|
"
dell-idrac-cve-2021-21579-15g,unknown,,"Total number of vulnerability checks: 0

|------------------|---------------|--------|-------------|
| Vulnerability ID | Vuln Check ID | Plugin | Plugin Tags |
|------------------|---------------|--------|-------------|
"
dell-idrac-cve-2021-21579-16g,unknown,,"Total number of vulnerability checks: 0

|------------------|---------------|--------|-------------|
| Vulnerability ID | Vuln Check ID | Plugin | Plugin Tags |
|------------------|---------------|--------|-------------|
"
dell-idrac-cve-2021-21579,remote,,"Total number of vulnerability checks: 3

|---------------------------|-------------------------------|-----------------------|-------------------------|
| Vulnerability ID          | Vuln Check ID                 | Plugin                | Plugin Tags             |
|---------------------------|------"
dell-idrac-cve-2021-21580-13g,unknown,,"Total number of vulnerability checks: 0

|------------------|---------------|--------|-------------|
| Vulnerability ID | Vuln Check ID | Plugin | Plugin Tags |
|------------------|---------------|--------|-------------|
"
dell-idrac-cve-2021-21580-14g,unknown,,"Total number of vulnerability checks: 0

|------------------|---------------|--------|-------------|
| Vulnerability ID | Vuln Check ID | Plugin | Plugin Tags |
|------------------|---------------|--------|-------------|
"
dell-idrac-cve-2021-21580-15g,unknown,,"Total number of vulnerability checks: 0

|------------------|---------------|--------|-------------|
| Vulnerability ID | Vuln Check ID | Plugin | Plugin Tags |
|------------------|---------------|--------|-------------|
"
dell-idrac-cve-2021-21580-16g,unknown,,"Total number of vulnerability checks: 0

|------------------|---------------|--------|-------------|
| Vulnerability ID | Vuln Check ID | Plugin | Plugin Tags |
|------------------|---------------|--------|-------------|
"
dell-idrac-cve-2021-21580,remote,,"Total number of vulnerability checks: 4

|---------------------------|-------------------------------|-----------------------|-------------------------|
| Vulnerability ID          | Vuln Check ID                 | Plugin                | Plugin Tags             |
|---------------------------|------"
dell-idrac-cve-2021-21581-14g,unknown,,"Total number of vulnerability checks: 0

|------------------|---------------|--------|-------------|
| Vulnerability ID | Vuln Check ID | Plugin | Plugin Tags |
|------------------|---------------|--------|-------------|
"
dell-idrac-cve-2021-21581-15g,unknown,,"Total number of vulnerability checks: 0

|------------------|---------------|--------|-------------|
| Vulnerability ID | Vuln Check ID | Plugin | Plugin Tags |
|------------------|---------------|--------|-------------|
"
dell-idrac-cve-2021-21581-16g,unknown,,"Total number of vulnerability checks: 0

|------------------|---------------|--------|-------------|
| Vulnerability ID | Vuln Check ID | Plugin | Plugin Tags |
|------------------|---------------|--------|-------------|
"
dell-idrac-cve-2021-21581,remote,,"Total number of vulnerability checks: 3

|---------------------------|-------------------------------|-----------------------|-------------------------|
| Vulnerability ID          | Vuln Check ID                 | Plugin                | Plugin Tags             |
|---------------------------|------"
dell-idrac-cve-2021-36299-14g,unknown,,"Total number of vulnerability checks: 0

|------------------|---------------|--------|-------------|
| Vulnerability ID | Vuln Check ID | Plugin | Plugin Tags |
|------------------|---------------|--------|-------------|
"
dell-idrac-cve-2021-36299-15g,unknown,,"Total number of vulnerability checks: 0

|------------------|---------------|--------|-------------|
| Vulnerability ID | Vuln Check ID | Plugin | Plugin Tags |
|------------------|---------------|--------|-------------|
"
dell-idrac-cve-2021-36299-16g,unknown,,"Total number of vulnerability checks: 0

|------------------|---------------|--------|-------------|
| Vulnerability ID | Vuln Check ID | Plugin | Plugin Tags |
|------------------|---------------|--------|-------------|
"
dell-idrac-cve-2021-36299,remote,,"Total number of vulnerability checks: 3

|---------------------------|-------------------------------|-----------------------|-------------------------|
| Vulnerability ID          | Vuln Check ID                 | Plugin                | Plugin Tags             |
|---------------------------|------"
dell-idrac-cve-2021-36300-14g,unknown,,"Total number of vulnerability checks: 0

|------------------|---------------|--------|-------------|
| Vulnerability ID | Vuln Check ID | Plugin | Plugin Tags |
|------------------|---------------|--------|-------------|
"
dell-idrac-cve-2021-36300-15g,unknown,,"Total number of vulnerability checks: 0

|------------------|---------------|--------|-------------|
| Vulnerability ID | Vuln Check ID | Plugin | Plugin Tags |
|------------------|---------------|--------|-------------|
"
dell-idrac-cve-2021-36300-16g,unknown,,"Total number of vulnerability checks: 0

|------------------|---------------|--------|-------------|
| Vulnerability ID | Vuln Check ID | Plugin | Plugin Tags |
|------------------|---------------|--------|-------------|
"
dell-idrac-cve-2021-36300,remote,,"Total number of vulnerability checks: 3

|---------------------------|-------------------------------|-----------------------|-------------------------|
| Vulnerability ID          | Vuln Check ID                 | Plugin                | Plugin Tags             |
|---------------------------|------"
dell-idrac-cve-2021-36301-13g,unknown,,"Total number of vulnerability checks: 0

|------------------|---------------|--------|-------------|
| Vulnerability ID | Vuln Check ID | Plugin | Plugin Tags |
|------------------|---------------|--------|-------------|
"
dell-idrac-cve-2021-36301-14g,unknown,,"Total number of vulnerability checks: 0

|------------------|---------------|--------|-------------|
| Vulnerability ID | Vuln Check ID | Plugin | Plugin Tags |
|------------------|---------------|--------|-------------|
"
dell-idrac-cve-2021-36301-15g,unknown,,"Total number of vulnerability checks: 0

|------------------|---------------|--------|-------------|
| Vulnerability ID | Vuln Check ID | Plugin | Plugin Tags |
|------------------|---------------|--------|-------------|
"
dell-idrac-cve-2021-36301-16g,unknown,,"Total number of vulnerability checks: 0

|------------------|---------------|--------|-------------|
| Vulnerability ID | Vuln Check ID | Plugin | Plugin Tags |
|------------------|---------------|--------|-------------|
"
dell-idrac-cve-2021-36301,remote,,"Total number of vulnerability checks: 4

|---------------------------|-------------------------------|-----------------------|-------------------------|
| Vulnerability ID          | Vuln Check ID                 | Plugin                | Plugin Tags             |
|---------------------------|------"
dell-idrac-cve-2021-36346-13g,unknown,,"Total number of vulnerability checks: 0

|------------------|---------------|--------|-------------|
| Vulnerability ID | Vuln Check ID | Plugin | Plugin Tags |
|------------------|---------------|--------|-------------|
"
dell-idrac-cve-2021-36346,remote,,"Total number of vulnerability checks: 1

|---------------------------|-------------------------------|-----------------------|-------------------------|
| Vulnerability ID          | Vuln Check ID                 | Plugin                | Plugin Tags             |
|---------------------------|------"
dell-idrac-cve-2021-36347-13g,unknown,,"Total number of vulnerability checks: 0

|------------------|---------------|--------|-------------|
| Vulnerability ID | Vuln Check ID | Plugin | Plugin Tags |
|------------------|---------------|--------|-------------|
"
dell-idrac-cve-2021-36347-14g,unknown,,"Total number of vulnerability checks: 0

|------------------|---------------|--------|-------------|
| Vulnerability ID | Vuln Check ID | Plugin | Plugin Tags |
|------------------|---------------|--------|-------------|
"
dell-idrac-cve-2021-36347-15g,unknown,,"Total number of vulnerability checks: 0

|------------------|---------------|--------|-------------|
| Vulnerability ID | Vuln Check ID | Plugin | Plugin Tags |
|------------------|---------------|--------|-------------|
"
dell-idrac-cve-2021-36347-16g,unknown,,"Total number of vulnerability checks: 0

|------------------|---------------|--------|-------------|
| Vulnerability ID | Vuln Check ID | Plugin | Plugin Tags |
|------------------|---------------|--------|-------------|
"
dell-idrac-cve-2021-36347,remote,,"Total number of vulnerability checks: 4

|---------------------------|-------------------------------|-----------------------|-------------------------|
| Vulnerability ID          | Vuln Check ID                 | Plugin                | Plugin Tags             |
|---------------------------|------"
dell-idrac-cve-2021-36348-14g,unknown,,"Total number of vulnerability checks: 0

|------------------|---------------|--------|-------------|
| Vulnerability ID | Vuln Check ID | Plugin | Plugin Tags |
|------------------|---------------|--------|-------------|
"
dell-idrac-cve-2021-36348-15g,unknown,,"Total number of vulnerability checks: 0

|------------------|---------------|--------|-------------|
| Vulnerability ID | Vuln Check ID | Plugin | Plugin Tags |
|------------------|---------------|--------|-------------|
"
dell-idrac-cve-2021-36348-16g,unknown,,"Total number of vulnerability checks: 0

|------------------|---------------|--------|-------------|
| Vulnerability ID | Vuln Check ID | Plugin | Plugin Tags |
|------------------|---------------|--------|-------------|
"
dell-idrac-cve-2021-36348,remote,,"Total number of vulnerability checks: 3

|---------------------------|-------------------------------|-----------------------|-------------------------|
| Vulnerability ID          | Vuln Check ID                 | Plugin                | Plugin Tags             |
|---------------------------|------"
dell-idrac-cve-2022-0778-13g,unknown,,"Total number of vulnerability checks: 0

|------------------|---------------|--------|-------------|
| Vulnerability ID | Vuln Check ID | Plugin | Plugin Tags |
|------------------|---------------|--------|-------------|
"
dell-idrac-cve-2022-0778-14g,unknown,,"Total number of vulnerability checks: 0

|------------------|---------------|--------|-------------|
| Vulnerability ID | Vuln Check ID | Plugin | Plugin Tags |
|------------------|---------------|--------|-------------|
"
dell-idrac-cve-2022-0778-15g,unknown,,"Total number of vulnerability checks: 0

|------------------|---------------|--------|-------------|
| Vulnerability ID | Vuln Check ID | Plugin | Plugin Tags |
|------------------|---------------|--------|-------------|
"
dell-idrac-cve-2022-0778-16g,unknown,,"Total number of vulnerability checks: 0

|------------------|---------------|--------|-------------|
| Vulnerability ID | Vuln Check ID | Plugin | Plugin Tags |
|------------------|---------------|--------|-------------|
"
dell-idrac-cve-2022-24422-14g,unknown,,"Total number of vulnerability checks: 0

|------------------|---------------|--------|-------------|
| Vulnerability ID | Vuln Check ID | Plugin | Plugin Tags |
|------------------|---------------|--------|-------------|
"
dell-idrac-cve-2022-24422-15g,unknown,,"Total number of vulnerability checks: 0

|------------------|---------------|--------|-------------|
| Vulnerability ID | Vuln Check ID | Plugin | Plugin Tags |
|------------------|---------------|--------|-------------|
"
dell-idrac-cve-2022-24422-16g,unknown,,"Total number of vulnerability checks: 0

|------------------|---------------|--------|-------------|
| Vulnerability ID | Vuln Check ID | Plugin | Plugin Tags |
|------------------|---------------|--------|-------------|
"
dell-idrac-cve-2022-24422,remote,,"Total number of vulnerability checks: 3

|---------------------------|-------------------------------|-----------------------|-------------------------|
| Vulnerability ID          | Vuln Check ID                 | Plugin                | Plugin Tags             |
|---------------------------|------"
dell-idrac-cve-2022-24423-13g,unknown,,"Total number of vulnerability checks: 0

|------------------|---------------|--------|-------------|
| Vulnerability ID | Vuln Check ID | Plugin | Plugin Tags |
|------------------|---------------|--------|-------------|
"
dell-idrac-cve-2022-24423,remote,,"Total number of vulnerability checks: 1

|---------------------------|-------------------------------|-----------------------|-------------------------|
| Vulnerability ID          | Vuln Check ID                 | Plugin                | Plugin Tags             |
|---------------------------|------"
dell-idrac-cve-2022-34435-14g,unknown,,"Total number of vulnerability checks: 0

|------------------|---------------|--------|-------------|
| Vulnerability ID | Vuln Check ID | Plugin | Plugin Tags |
|------------------|---------------|--------|-------------|
"
dell-idrac-cve-2022-34435-15g,unknown,,"Total number of vulnerability checks: 0

|------------------|---------------|--------|-------------|
| Vulnerability ID | Vuln Check ID | Plugin | Plugin Tags |
|------------------|---------------|--------|-------------|
"
dell-idrac-cve-2022-34435-16g,unknown,,"Total number of vulnerability checks: 0

|------------------|---------------|--------|-------------|
| Vulnerability ID | Vuln Check ID | Plugin | Plugin Tags |
|------------------|---------------|--------|-------------|
"
dell-idrac-cve-2022-34435,remote,,"Total number of vulnerability checks: 3

|---------------------------|-------------------------------|-----------------------|-------------------------|
| Vulnerability ID          | Vuln Check ID                 | Plugin                | Plugin Tags             |
|---------------------------|------"
dell-idrac-cve-2022-34436-13g,unknown,,"Total number of vulnerability checks: 0

|------------------|---------------|--------|-------------|
| Vulnerability ID | Vuln Check ID | Plugin | Plugin Tags |
|------------------|---------------|--------|-------------|
"
dell-idrac-cve-2022-34436,remote,,"Total number of vulnerability checks: 1

|---------------------------|-------------------------------|-----------------------|-------------------------|
| Vulnerability ID          | Vuln Check ID                 | Plugin                | Plugin Tags             |
|---------------------------|------"
dell-idrac-cve-2022-43680-14g,unknown,,"Total number of vulnerability checks: 0

|------------------|---------------|--------|-------------|
| Vulnerability ID | Vuln Check ID | Plugin | Plugin Tags |
|------------------|---------------|--------|-------------|
"
dell-idrac-cve-2022-43680-15g,unknown,,"Total number of vulnerability checks: 0

|------------------|---------------|--------|-------------|
| Vulnerability ID | Vuln Check ID | Plugin | Plugin Tags |
|------------------|---------------|--------|-------------|
"
dell-idrac-cve-2022-43680-16g,unknown,,"Total number of vulnerability checks: 0

|------------------|---------------|--------|-------------|
| Vulnerability ID | Vuln Check ID | Plugin | Plugin Tags |
|------------------|---------------|--------|-------------|
"
dell-idrac-cve-2022-44640-14g,unknown,,"Total number of vulnerability checks: 0

|------------------|---------------|--------|-------------|
| Vulnerability ID | Vuln Check ID | Plugin | Plugin Tags |
|------------------|---------------|--------|-------------|
"
dell-idrac-cve-2022-44640-15g,unknown,,"Total number of vulnerability checks: 0

|------------------|---------------|--------|-------------|
| Vulnerability ID | Vuln Check ID | Plugin | Plugin Tags |
|------------------|---------------|--------|-------------|
"
dell-idrac-cve-2022-44640-16g,unknown,,"Total number of vulnerability checks: 0

|------------------|---------------|--------|-------------|
| Vulnerability ID | Vuln Check ID | Plugin | Plugin Tags |
|------------------|---------------|--------|-------------|
"
dell-idrac-cve-2023-29499-14g,unknown,,"Total number of vulnerability checks: 0

|------------------|---------------|--------|-------------|
| Vulnerability ID | Vuln Check ID | Plugin | Plugin Tags |
|------------------|---------------|--------|-------------|
"
dell-idrac-cve-2023-29499-15g,unknown,,"Total number of vulnerability checks: 0

|------------------|---------------|--------|-------------|
| Vulnerability ID | Vuln Check ID | Plugin | Plugin Tags |
|------------------|---------------|--------|-------------|
"
dell-idrac-cve-2023-29499-16g,unknown,,"Total number of vulnerability checks: 0

|------------------|---------------|--------|-------------|
| Vulnerability ID | Vuln Check ID | Plugin | Plugin Tags |
|------------------|---------------|--------|-------------|
"
dell-idrac-cve-2023-45288-17g,unknown,,"Total number of vulnerability checks: 0

|------------------|---------------|--------|-------------|
| Vulnerability ID | Vuln Check ID | Plugin | Plugin Tags |
|------------------|---------------|--------|-------------|
"
dell-idrac-cve-2023-48795-13g,unknown,,"Total number of vulnerability checks: 0

|------------------|---------------|--------|-------------|
| Vulnerability ID | Vuln Check ID | Plugin | Plugin Tags |
|------------------|---------------|--------|-------------|
"
dell-idrac-cve-2023-48795-14g,unknown,,"Total number of vulnerability checks: 0

|------------------|---------------|--------|-------------|
| Vulnerability ID | Vuln Check ID | Plugin | Plugin Tags |
|------------------|---------------|--------|-------------|
"
dell-idrac-cve-2023-48795-15g,unknown,,"Total number of vulnerability checks: 0

|------------------|---------------|--------|-------------|
| Vulnerability ID | Vuln Check ID | Plugin | Plugin Tags |
|------------------|---------------|--------|-------------|
"
dell-idrac-cve-2023-48795-16g,unknown,,"Total number of vulnerability checks: 0

|------------------|---------------|--------|-------------|
| Vulnerability ID | Vuln Check ID | Plugin | Plugin Tags |
|------------------|---------------|--------|-------------|
"
dell-idrac-cve-2023-52340-14g,unknown,,"Total number of vulnerability checks: 0

|------------------|---------------|--------|-------------|
| Vulnerability ID | Vuln Check ID | Plugin | Plugin Tags |
|------------------|---------------|--------|-------------|
"
dell-idrac-cve-2023-52340-15g,unknown,,"Total number of vulnerability checks: 0

|------------------|---------------|--------|-------------|
| Vulnerability ID | Vuln Check ID | Plugin | Plugin Tags |
|------------------|---------------|--------|-------------|
"
dell-idrac-cve-2023-52340-16g,unknown,,"Total number of vulnerability checks: 0

|------------------|---------------|--------|-------------|
| Vulnerability ID | Vuln Check ID | Plugin | Plugin Tags |
|------------------|---------------|--------|-------------|
"
dell-idrac-cve-2023-52425-14g,unknown,,"Total number of vulnerability checks: 0

|------------------|---------------|--------|-------------|
| Vulnerability ID | Vuln Check ID | Plugin | Plugin Tags |
|------------------|---------------|--------|-------------|
"
dell-idrac-cve-2023-52425-15g,unknown,,"Total number of vulnerability checks: 0

|------------------|---------------|--------|-------------|
| Vulnerability ID | Vuln Check ID | Plugin | Plugin Tags |
|------------------|---------------|--------|-------------|
"
dell-idrac-cve-2023-52425-16g,unknown,,"Total number of vulnerability checks: 0

|------------------|---------------|--------|-------------|
| Vulnerability ID | Vuln Check ID | Plugin | Plugin Tags |
|------------------|---------------|--------|-------------|
"
dell-idrac-cve-2023-52426-14g,unknown,,"Total number of vulnerability checks: 0

|------------------|---------------|--------|-------------|
| Vulnerability ID | Vuln Check ID | Plugin | Plugin Tags |
|------------------|---------------|--------|-------------|
"
dell-idrac-cve-2023-52426-15g,unknown,,"Total number of vulnerability checks: 0

|------------------|---------------|--------|-------------|
| Vulnerability ID | Vuln Check ID | Plugin | Plugin Tags |
|------------------|---------------|--------|-------------|
"
dell-idrac-cve-2023-52426-16g,unknown,,"Total number of vulnerability checks: 0

|------------------|---------------|--------|-------------|
| Vulnerability ID | Vuln Check ID | Plugin | Plugin Tags |
|------------------|---------------|--------|-------------|
"
dell-idrac-cve-2023-6780-14g,unknown,,"Total number of vulnerability checks: 0

|------------------|---------------|--------|-------------|
| Vulnerability ID | Vuln Check ID | Plugin | Plugin Tags |
|------------------|---------------|--------|-------------|
"
dell-idrac-cve-2023-6780-15g,unknown,,"Total number of vulnerability checks: 0

|------------------|---------------|--------|-------------|
| Vulnerability ID | Vuln Check ID | Plugin | Plugin Tags |
|------------------|---------------|--------|-------------|
"
dell-idrac-cve-2023-6780-16g,unknown,,"Total number of vulnerability checks: 0

|------------------|---------------|--------|-------------|
| Vulnerability ID | Vuln Check ID | Plugin | Plugin Tags |
|------------------|---------------|--------|-------------|
"
dell-idrac-cve-2023-6780-17g,unknown,,"Total number of vulnerability checks: 0

|------------------|---------------|--------|-------------|
| Vulnerability ID | Vuln Check ID | Plugin | Plugin Tags |
|------------------|---------------|--------|-------------|
"
dell-idrac-cve-2024-25943-14g,unknown,,"Total number of vulnerability checks: 0

|------------------|---------------|--------|-------------|
| Vulnerability ID | Vuln Check ID | Plugin | Plugin Tags |
|------------------|---------------|--------|-------------|
"
dell-idrac-cve-2024-25943-15g,unknown,,"Total number of vulnerability checks: 0

|------------------|---------------|--------|-------------|
| Vulnerability ID | Vuln Check ID | Plugin | Plugin Tags |
|------------------|---------------|--------|-------------|
"
dell-idrac-cve-2024-25943-16g,unknown,,"Total number of vulnerability checks: 0

|------------------|---------------|--------|-------------|
| Vulnerability ID | Vuln Check ID | Plugin | Plugin Tags |
|------------------|---------------|--------|-------------|
"
dell-idrac-cve-2024-25951-13g,unknown,,"Total number of vulnerability checks: 0

|------------------|---------------|--------|-------------|
| Vulnerability ID | Vuln Check ID | Plugin | Plugin Tags |
|------------------|---------------|--------|-------------|
"
dell-idrac-cve-2024-25951,remote,,"Total number of vulnerability checks: 1

|---------------------------|-------------------------------|-----------------------|-------------------------|
| Vulnerability ID          | Vuln Check ID                 | Plugin                | Plugin Tags             |
|---------------------------|------"
dell-idrac-cve-2024-28757-14g,unknown,,"Total number of vulnerability checks: 0

|------------------|---------------|--------|-------------|
| Vulnerability ID | Vuln Check ID | Plugin | Plugin Tags |
|------------------|---------------|--------|-------------|
"
dell-idrac-cve-2024-28757-15g,unknown,,"Total number of vulnerability checks: 0

|------------------|---------------|--------|-------------|
| Vulnerability ID | Vuln Check ID | Plugin | Plugin Tags |
|------------------|---------------|--------|-------------|
"
dell-idrac-cve-2024-28757-16g,unknown,,"Total number of vulnerability checks: 0

|------------------|---------------|--------|-------------|
| Vulnerability ID | Vuln Check ID | Plugin | Plugin Tags |
|------------------|---------------|--------|-------------|
"
dell-idrac-cve-2024-2961-14g,unknown,,"Total number of vulnerability checks: 0

|------------------|---------------|--------|-------------|
| Vulnerability ID | Vuln Check ID | Plugin | Plugin Tags |
|------------------|---------------|--------|-------------|
"
dell-idrac-cve-2024-2961-15g,unknown,,"Total number of vulnerability checks: 0

|------------------|---------------|--------|-------------|
| Vulnerability ID | Vuln Check ID | Plugin | Plugin Tags |
|------------------|---------------|--------|-------------|
"
dell-idrac-cve-2024-2961-16g,unknown,,"Total number of vulnerability checks: 0

|------------------|---------------|--------|-------------|
| Vulnerability ID | Vuln Check ID | Plugin | Plugin Tags |
|------------------|---------------|--------|-------------|
"
dell-idrac-cve-2024-2961-17g,unknown,,"Total number of vulnerability checks: 0

|------------------|---------------|--------|-------------|
| Vulnerability ID | Vuln Check ID | Plugin | Plugin Tags |
|------------------|---------------|--------|-------------|
"
dell-idrac-cve-2024-3411-13g,unknown,,"Total number of vulnerability checks: 0

|------------------|---------------|--------|-------------|
| Vulnerability ID | Vuln Check ID | Plugin | Plugin Tags |
|------------------|---------------|--------|-------------|
"
dell-idrac-cve-2024-38433-14g,unknown,,"Total number of vulnerability checks: 0

|------------------|---------------|--------|-------------|
| Vulnerability ID | Vuln Check ID | Plugin | Plugin Tags |
|------------------|---------------|--------|-------------|
"
dell-idrac-cve-2024-38433-15g,unknown,,"Total number of vulnerability checks: 0

|------------------|---------------|--------|-------------|
| Vulnerability ID | Vuln Check ID | Plugin | Plugin Tags |
|------------------|---------------|--------|-------------|
"
dell-idrac-cve-2024-38433-16g,unknown,,"Total number of vulnerability checks: 0

|------------------|---------------|--------|-------------|
| Vulnerability ID | Vuln Check ID | Plugin | Plugin Tags |
|------------------|---------------|--------|-------------|
"
dell-idrac-cve-2024-42154-14g,unknown,,"Total number of vulnerability checks: 0

|------------------|---------------|--------|-------------|
| Vulnerability ID | Vuln Check ID | Plugin | Plugin Tags |
|------------------|---------------|--------|-------------|
"
dell-idrac-cve-2024-42154-15g,unknown,,"Total number of vulnerability checks: 0

|------------------|---------------|--------|-------------|
| Vulnerability ID | Vuln Check ID | Plugin | Plugin Tags |
|------------------|---------------|--------|-------------|
"
dell-idrac-cve-2024-42154-16g,unknown,,"Total number of vulnerability checks: 0

|------------------|---------------|--------|-------------|
| Vulnerability ID | Vuln Check ID | Plugin | Plugin Tags |
|------------------|---------------|--------|-------------|
"
dell-idrac-cve-2024-45490-14g,unknown,,"Total number of vulnerability checks: 0

|------------------|---------------|--------|-------------|
| Vulnerability ID | Vuln Check ID | Plugin | Plugin Tags |
|------------------|---------------|--------|-------------|
"
dell-idrac-cve-2024-45490-15g,unknown,,"Total number of vulnerability checks: 0

|------------------|---------------|--------|-------------|
| Vulnerability ID | Vuln Check ID | Plugin | Plugin Tags |
|------------------|---------------|--------|-------------|
"
dell-idrac-cve-2024-45490-16g,unknown,,"Total number of vulnerability checks: 0

|------------------|---------------|--------|-------------|
| Vulnerability ID | Vuln Check ID | Plugin | Plugin Tags |
|------------------|---------------|--------|-------------|
"
dell-idrac-cve-2024-45490-17g,unknown,,"Total number of vulnerability checks: 0

|------------------|---------------|--------|-------------|
| Vulnerability ID | Vuln Check ID | Plugin | Plugin Tags |
|------------------|---------------|--------|-------------|
"
dell-idrac-cve-2024-45491-14g,unknown,,"Total number of vulnerability checks: 0

|------------------|---------------|--------|-------------|
| Vulnerability ID | Vuln Check ID | Plugin | Plugin Tags |
|------------------|---------------|--------|-------------|
"
dell-idrac-cve-2024-45491-15g,unknown,,"Total number of vulnerability checks: 0

|------------------|---------------|--------|-------------|
| Vulnerability ID | Vuln Check ID | Plugin | Plugin Tags |
|------------------|---------------|--------|-------------|
"
dell-idrac-cve-2024-45491-16g,unknown,,"Total number of vulnerability checks: 0

|------------------|---------------|--------|-------------|
| Vulnerability ID | Vuln Check ID | Plugin | Plugin Tags |
|------------------|---------------|--------|-------------|
"
dell-idrac-cve-2024-45491-17g,unknown,,"Total number of vulnerability checks: 0

|------------------|---------------|--------|-------------|
| Vulnerability ID | Vuln Check ID | Plugin | Plugin Tags |
|------------------|---------------|--------|-------------|
"
dell-idrac-cve-2024-45492-14g,unknown,,"Total number of vulnerability checks: 0

|------------------|---------------|--------|-------------|
| Vulnerability ID | Vuln Check ID | Plugin | Plugin Tags |
|------------------|---------------|--------|-------------|
"
dell-idrac-cve-2024-45492-15g,unknown,,"Total number of vulnerability checks: 0

|------------------|---------------|--------|-------------|
| Vulnerability ID | Vuln Check ID | Plugin | Plugin Tags |
|------------------|---------------|--------|-------------|
"
dell-idrac-cve-2024-45492-16g,unknown,,"Total number of vulnerability checks: 0

|------------------|---------------|--------|-------------|
| Vulnerability ID | Vuln Check ID | Plugin | Plugin Tags |
|------------------|---------------|--------|-------------|
"
dell-idrac-cve-2024-45492-17g,unknown,,"Total number of vulnerability checks: 0

|------------------|---------------|--------|-------------|
| Vulnerability ID | Vuln Check ID | Plugin | Plugin Tags |
|------------------|---------------|--------|-------------|
"
dell-idrac-cve-2024-50602-14g,unknown,,"Total number of vulnerability checks: 0

|------------------|---------------|--------|-------------|
| Vulnerability ID | Vuln Check ID | Plugin | Plugin Tags |
|------------------|---------------|--------|-------------|
"
dell-idrac-cve-2024-50602-15g,unknown,,"Total number of vulnerability checks: 0

|------------------|---------------|--------|-------------|
| Vulnerability ID | Vuln Check ID | Plugin | Plugin Tags |
|------------------|---------------|--------|-------------|
"
dell-idrac-cve-2024-50602-16g,unknown,,"Total number of vulnerability checks: 0

|------------------|---------------|--------|-------------|
| Vulnerability ID | Vuln Check ID | Plugin | Plugin Tags |
|------------------|---------------|--------|-------------|
"
dell-idrac-cve-2024-50602-17g,unknown,,"Total number of vulnerability checks: 0

|------------------|---------------|--------|-------------|
| Vulnerability ID | Vuln Check ID | Plugin | Plugin Tags |
|------------------|---------------|--------|-------------|
"
dell-idrac-cve-2024-52533-14g,unknown,,"Total number of vulnerability checks: 0

|------------------|---------------|--------|-------------|
| Vulnerability ID | Vuln Check ID | Plugin | Plugin Tags |
|------------------|---------------|--------|-------------|
"
dell-idrac-cve-2024-52533-15g,unknown,,"Total number of vulnerability checks: 0

|------------------|---------------|--------|-------------|
| Vulnerability ID | Vuln Check ID | Plugin | Plugin Tags |
|------------------|---------------|--------|-------------|
"
dell-idrac-cve-2024-52533-16g,unknown,,"Total number of vulnerability checks: 0

|------------------|---------------|--------|-------------|
| Vulnerability ID | Vuln Check ID | Plugin | Plugin Tags |
|------------------|---------------|--------|-------------|
"
dell-idrac-cve-2024-52533-17g,unknown,,"Total number of vulnerability checks: 0

|------------------|---------------|--------|-------------|
| Vulnerability ID | Vuln Check ID | Plugin | Plugin Tags |
|------------------|---------------|--------|-------------|
"
dell-idrac-cve-2024-6119-17g,unknown,,"Total number of vulnerability checks: 0

|------------------|---------------|--------|-------------|
| Vulnerability ID | Vuln Check ID | Plugin | Plugin Tags |
|------------------|---------------|--------|-------------|
"
dell-idrac-cve-2024-6387-14g,unknown,,"Total number of vulnerability checks: 0

|------------------|---------------|--------|-------------|
| Vulnerability ID | Vuln Check ID | Plugin | Plugin Tags |
|------------------|---------------|--------|-------------|
"
dell-idrac-cve-2024-6387-15g,unknown,,"Total number of vulnerability checks: 0

|------------------|---------------|--------|-------------|
| Vulnerability ID | Vuln Check ID | Plugin | Plugin Tags |
|------------------|---------------|--------|-------------|
"
dell-idrac-cve-2024-6387-16g,unknown,,"Total number of vulnerability checks: 0

|------------------|---------------|--------|-------------|
| Vulnerability ID | Vuln Check ID | Plugin | Plugin Tags |
|------------------|---------------|--------|-------------|
"
dell-idrac-cve-2025-11187-14g,unknown,,"Total number of vulnerability checks: 0

|------------------|---------------|--------|-------------|
| Vulnerability ID | Vuln Check ID | Plugin | Plugin Tags |
|------------------|---------------|--------|-------------|
"
dell-idrac-cve-2025-11187-15g,unknown,,"Total number of vulnerability checks: 0

|------------------|---------------|--------|-------------|
| Vulnerability ID | Vuln Check ID | Plugin | Plugin Tags |
|------------------|---------------|--------|-------------|
"
dell-idrac-cve-2025-11187-16g,unknown,,"Total number of vulnerability checks: 0

|------------------|---------------|--------|-------------|
| Vulnerability ID | Vuln Check ID | Plugin | Plugin Tags |
|------------------|---------------|--------|-------------|
"
dell-idrac-cve-2025-11187-17g,unknown,,"Total number of vulnerability checks: 0

|------------------|---------------|--------|-------------|
| Vulnerability ID | Vuln Check ID | Plugin | Plugin Tags |
|------------------|---------------|--------|-------------|
"
dell-idrac-cve-2025-15467-14g,unknown,,"Total number of vulnerability checks: 0

|------------------|---------------|--------|-------------|
| Vulnerability ID | Vuln Check ID | Plugin | Plugin Tags |
|------------------|---------------|--------|-------------|
"
dell-idrac-cve-2025-15467-15g,unknown,,"Total number of vulnerability checks: 0

|------------------|---------------|--------|-------------|
| Vulnerability ID | Vuln Check ID | Plugin | Plugin Tags |
|------------------|---------------|--------|-------------|
"
dell-idrac-cve-2025-15467-16g,unknown,,"Total number of vulnerability checks: 0

|------------------|---------------|--------|-------------|
| Vulnerability ID | Vuln Check ID | Plugin | Plugin Tags |
|------------------|---------------|--------|-------------|
"
dell-idrac-cve-2025-15467-17g,unknown,,"Total number of vulnerability checks: 0

|------------------|---------------|--------|-------------|
| Vulnerability ID | Vuln Check ID | Plugin | Plugin Tags |
|------------------|---------------|--------|-------------|
"
dell-idrac-cve-2025-15468-14g,unknown,,"Total number of vulnerability checks: 0

|------------------|---------------|--------|-------------|
| Vulnerability ID | Vuln Check ID | Plugin | Plugin Tags |
|------------------|---------------|--------|-------------|
"
dell-idrac-cve-2025-15468-15g,unknown,,"Total number of vulnerability checks: 0

|------------------|---------------|--------|-------------|
| Vulnerability ID | Vuln Check ID | Plugin | Plugin Tags |
|------------------|---------------|--------|-------------|
"
dell-idrac-cve-2025-15468-16g,unknown,,"Total number of vulnerability checks: 0

|------------------|---------------|--------|-------------|
| Vulnerability ID | Vuln Check ID | Plugin | Plugin Tags |
|------------------|---------------|--------|-------------|
"
dell-idrac-cve-2025-15468-17g,unknown,,"Total number of vulnerability checks: 0

|------------------|---------------|--------|-------------|
| Vulnerability ID | Vuln Check ID | Plugin | Plugin Tags |
|------------------|---------------|--------|-------------|
"
dell-idrac-cve-2025-15469-14g,unknown,,"Total number of vulnerability checks: 0

|------------------|---------------|--------|-------------|
| Vulnerability ID | Vuln Check ID | Plugin | Plugin Tags |
|------------------|---------------|--------|-------------|
"
dell-idrac-cve-2025-15469-15g,unknown,,"Total number of vulnerability checks: 0

|------------------|---------------|--------|-------------|
| Vulnerability ID | Vuln Check ID | Plugin | Plugin Tags |
|------------------|---------------|--------|-------------|
"
dell-idrac-cve-2025-15469-16g,unknown,,"Total number of vulnerability checks: 0

|------------------|---------------|--------|-------------|
| Vulnerability ID | Vuln Check ID | Plugin | Plugin Tags |
|------------------|---------------|--------|-------------|
"
dell-idrac-cve-2025-15469-17g,unknown,,"Total number of vulnerability checks: 0

|------------------|---------------|--------|-------------|
| Vulnerability ID | Vuln Check ID | Plugin | Plugin Tags |
|------------------|---------------|--------|-------------|
"
dell-idrac-cve-2025-22397-14g,unknown,,"Total number of vulnerability checks: 0

|------------------|---------------|--------|-------------|
| Vulnerability ID | Vuln Check ID | Plugin | Plugin Tags |
|------------------|---------------|--------|-------------|
"
dell-idrac-cve-2025-22397-15g,unknown,,"Total number of vulnerability checks: 0

|------------------|---------------|--------|-------------|
| Vulnerability ID | Vuln Check ID | Plugin | Plugin Tags |
|------------------|---------------|--------|-------------|
"
dell-idrac-cve-2025-22397-16g,unknown,,"Total number of vulnerability checks: 0

|------------------|---------------|--------|-------------|
| Vulnerability ID | Vuln Check ID | Plugin | Plugin Tags |
|------------------|---------------|--------|-------------|
"
dell-idrac-cve-2025-22397-17g,unknown,,"Total number of vulnerability checks: 0

|------------------|---------------|--------|-------------|
| Vulnerability ID | Vuln Check ID | Plugin | Plugin Tags |
|------------------|---------------|--------|-------------|
"
dell-idrac-cve-2025-26466-14g,unknown,,"Total number of vulnerability checks: 0

|------------------|---------------|--------|-------------|
| Vulnerability ID | Vuln Check ID | Plugin | Plugin Tags |
|------------------|---------------|--------|-------------|
"
dell-idrac-cve-2025-26466-15g,unknown,,"Total number of vulnerability checks: 0

|------------------|---------------|--------|-------------|
| Vulnerability ID | Vuln Check ID | Plugin | Plugin Tags |
|------------------|---------------|--------|-------------|
"
dell-idrac-cve-2025-26466-16g,unknown,,"Total number of vulnerability checks: 0

|------------------|---------------|--------|-------------|
| Vulnerability ID | Vuln Check ID | Plugin | Plugin Tags |
|------------------|---------------|--------|-------------|
"
dell-idrac-cve-2025-26466-17g,unknown,,"Total number of vulnerability checks: 0

|------------------|---------------|--------|-------------|
| Vulnerability ID | Vuln Check ID | Plugin | Plugin Tags |
|------------------|---------------|--------|-------------|
"
dell-idrac-cve-2025-26482-14g,unknown,,"Total number of vulnerability checks: 0

|------------------|---------------|--------|-------------|
| Vulnerability ID | Vuln Check ID | Plugin | Plugin Tags |
|------------------|---------------|--------|-------------|
"
dell-idrac-cve-2025-26482-15g,unknown,,"Total number of vulnerability checks: 0

|------------------|---------------|--------|-------------|
| Vulnerability ID | Vuln Check ID | Plugin | Plugin Tags |
|------------------|---------------|--------|-------------|
"
dell-idrac-cve-2025-26482-16g,unknown,,"Total number of vulnerability checks: 0

|------------------|---------------|--------|-------------|
| Vulnerability ID | Vuln Check ID | Plugin | Plugin Tags |
|------------------|---------------|--------|-------------|
"
dell-idrac-cve-2025-27689,unknown,,"Total number of vulnerability checks: 0

|------------------|---------------|--------|-------------|
| Vulnerability ID | Vuln Check ID | Plugin | Plugin Tags |
|------------------|---------------|--------|-------------|
"
dell-idrac-cve-2025-47907-17g,unknown,,"Total number of vulnerability checks: 0

|------------------|---------------|--------|-------------|
| Vulnerability ID | Vuln Check ID | Plugin | Plugin Tags |
|------------------|---------------|--------|-------------|
"
dell-idrac-cve-2025-47912-17g,unknown,,"Total number of vulnerability checks: 0

|------------------|---------------|--------|-------------|
| Vulnerability ID | Vuln Check ID | Plugin | Plugin Tags |
|------------------|---------------|--------|-------------|
"
dell-idrac-cve-2025-58185-17g,unknown,,"Total number of vulnerability checks: 0

|------------------|---------------|--------|-------------|
| Vulnerability ID | Vuln Check ID | Plugin | Plugin Tags |
|------------------|---------------|--------|-------------|
"
dell-idrac-cve-2025-58187-17g,unknown,,"Total number of vulnerability checks: 0

|------------------|---------------|--------|-------------|
| Vulnerability ID | Vuln Check ID | Plugin | Plugin Tags |
|------------------|---------------|--------|-------------|
"
dell-idrac-cve-2025-58188-17g,unknown,,"Total number of vulnerability checks: 0

|------------------|---------------|--------|-------------|
| Vulnerability ID | Vuln Check ID | Plugin | Plugin Tags |
|------------------|---------------|--------|-------------|
"
dell-idrac-cve-2025-58189-17g,unknown,,"Total number of vulnerability checks: 0

|------------------|---------------|--------|-------------|
| Vulnerability ID | Vuln Check ID | Plugin | Plugin Tags |
|------------------|---------------|--------|-------------|
"
dell-idrac-cve-2025-60876-14g,unknown,,"Total number of vulnerability checks: 0

|------------------|---------------|--------|-------------|
| Vulnerability ID | Vuln Check ID | Plugin | Plugin Tags |
|------------------|---------------|--------|-------------|
"
dell-idrac-cve-2025-60876-15g,unknown,,"Total number of vulnerability checks: 0

|------------------|---------------|--------|-------------|
| Vulnerability ID | Vuln Check ID | Plugin | Plugin Tags |
|------------------|---------------|--------|-------------|
"
dell-idrac-cve-2025-60876-16g,unknown,,"Total number of vulnerability checks: 0

|------------------|---------------|--------|-------------|
| Vulnerability ID | Vuln Check ID | Plugin | Plugin Tags |
|------------------|---------------|--------|-------------|
"
dell-idrac-cve-2025-61723-17g,unknown,,"Total number of vulnerability checks: 0

|------------------|---------------|--------|-------------|
| Vulnerability ID | Vuln Check ID | Plugin | Plugin Tags |
|------------------|---------------|--------|-------------|
"
dell-idrac-cve-2025-61725-17g,unknown,,"Total number of vulnerability checks: 0

|------------------|---------------|--------|-------------|
| Vulnerability ID | Vuln Check ID | Plugin | Plugin Tags |
|------------------|---------------|--------|-------------|
"
dell-idrac-cve-2025-61726-17g,unknown,,"Total number of vulnerability checks: 0

|------------------|---------------|--------|-------------|
| Vulnerability ID | Vuln Check ID | Plugin | Plugin Tags |
|------------------|---------------|--------|-------------|
"
dell-idrac-cve-2025-61727-17g,unknown,,"Total number of vulnerability checks: 0

|------------------|---------------|--------|-------------|
| Vulnerability ID | Vuln Check ID | Plugin | Plugin Tags |
|------------------|---------------|--------|-------------|
"
dell-idrac-cve-2025-61729-17g,unknown,,"Total number of vulnerability checks: 0

|------------------|---------------|--------|-------------|
| Vulnerability ID | Vuln Check ID | Plugin | Plugin Tags |
|------------------|---------------|--------|-------------|
"
dell-idrac-cve-2025-61730-17g,unknown,,"Total number of vulnerability checks: 0

|------------------|---------------|--------|-------------|
| Vulnerability ID | Vuln Check ID | Plugin | Plugin Tags |
|------------------|---------------|--------|-------------|
"
dell-idrac-cve-2025-66199-14g,unknown,,"Total number of vulnerability checks: 0

|------------------|---------------|--------|-------------|
| Vulnerability ID | Vuln Check ID | Plugin | Plugin Tags |
|------------------|---------------|--------|-------------|
"
dell-idrac-cve-2025-66199-15g,unknown,,"Total number of vulnerability checks: 0

|------------------|---------------|--------|-------------|
| Vulnerability ID | Vuln Check ID | Plugin | Plugin Tags |
|------------------|---------------|--------|-------------|
"
dell-idrac-cve-2025-66199-16g,unknown,,"Total number of vulnerability checks: 0

|------------------|---------------|--------|-------------|
| Vulnerability ID | Vuln Check ID | Plugin | Plugin Tags |
|------------------|---------------|--------|-------------|
"
dell-idrac-cve-2025-66199-17g,unknown,,"Total number of vulnerability checks: 0

|------------------|---------------|--------|-------------|
| Vulnerability ID | Vuln Check ID | Plugin | Plugin Tags |
|------------------|---------------|--------|-------------|
"
dell-idrac-cve-2025-68160-14g,unknown,,"Total number of vulnerability checks: 0

|------------------|---------------|--------|-------------|
| Vulnerability ID | Vuln Check ID | Plugin | Plugin Tags |
|------------------|---------------|--------|-------------|
"
dell-idrac-cve-2025-68160-15g,unknown,,"Total number of vulnerability checks: 0

|------------------|---------------|--------|-------------|
| Vulnerability ID | Vuln Check ID | Plugin | Plugin Tags |
|------------------|---------------|--------|-------------|
"
dell-idrac-cve-2025-68160-16g,unknown,,"Total number of vulnerability checks: 0

|------------------|---------------|--------|-------------|
| Vulnerability ID | Vuln Check ID | Plugin | Plugin Tags |
|------------------|---------------|--------|-------------|
"
dell-idrac-cve-2025-68160-17g,unknown,,"Total number of vulnerability checks: 0

|------------------|---------------|--------|-------------|
| Vulnerability ID | Vuln Check ID | Plugin | Plugin Tags |
|------------------|---------------|--------|-------------|
"
dell-idrac-cve-2025-69418-14g,unknown,,"Total number of vulnerability checks: 0

|------------------|---------------|--------|-------------|
| Vulnerability ID | Vuln Check ID | Plugin | Plugin Tags |
|------------------|---------------|--------|-------------|
"
dell-idrac-cve-2025-69418-15g,unknown,,"Total number of vulnerability checks: 0

|------------------|---------------|--------|-------------|
| Vulnerability ID | Vuln Check ID | Plugin | Plugin Tags |
|------------------|---------------|--------|-------------|
"
dell-idrac-cve-2025-69418-16g,unknown,,"Total number of vulnerability checks: 0

|------------------|---------------|--------|-------------|
| Vulnerability ID | Vuln Check ID | Plugin | Plugin Tags |
|------------------|---------------|--------|-------------|
"
dell-idrac-cve-2025-69418-17g,unknown,,"Total number of vulnerability checks: 0

|------------------|---------------|--------|-------------|
| Vulnerability ID | Vuln Check ID | Plugin | Plugin Tags |
|------------------|---------------|--------|-------------|
"
dell-idrac-cve-2025-69419-14g,unknown,,"Total number of vulnerability checks: 0

|------------------|---------------|--------|-------------|
| Vulnerability ID | Vuln Check ID | Plugin | Plugin Tags |
|------------------|---------------|--------|-------------|
"
dell-idrac-cve-2025-69419-15g,unknown,,"Total number of vulnerability checks: 0

|------------------|---------------|--------|-------------|
| Vulnerability ID | Vuln Check ID | Plugin | Plugin Tags |
|------------------|---------------|--------|-------------|
"
dell-idrac-cve-2025-69419-16g,unknown,,"Total number of vulnerability checks: 0

|------------------|---------------|--------|-------------|
| Vulnerability ID | Vuln Check ID | Plugin | Plugin Tags |
|------------------|---------------|--------|-------------|
"
dell-idrac-cve-2025-69419-17g,unknown,,"Total number of vulnerability checks: 0

|------------------|---------------|--------|-------------|
| Vulnerability ID | Vuln Check ID | Plugin | Plugin Tags |
|------------------|---------------|--------|-------------|
"
dell-idrac-cve-2025-69420-14g,unknown,,"Total number of vulnerability checks: 0

|------------------|---------------|--------|-------------|
| Vulnerability ID | Vuln Check ID | Plugin | Plugin Tags |
|------------------|---------------|--------|-------------|
"
dell-idrac-cve-2025-69420-15g,unknown,,"Total number of vulnerability checks: 0

|------------------|---------------|--------|-------------|
| Vulnerability ID | Vuln Check ID | Plugin | Plugin Tags |
|------------------|---------------|--------|-------------|
"
dell-idrac-cve-2025-69420-16g,unknown,,"Total number of vulnerability checks: 0

|------------------|---------------|--------|-------------|
| Vulnerability ID | Vuln Check ID | Plugin | Plugin Tags |
|------------------|---------------|--------|-------------|
"
dell-idrac-cve-2025-69420-17g,unknown,,"Total number of vulnerability checks: 0

|------------------|---------------|--------|-------------|
| Vulnerability ID | Vuln Check ID | Plugin | Plugin Tags |
|------------------|---------------|--------|-------------|
"
dell-idrac-cve-2025-69421-14g,unknown,,"Total number of vulnerability checks: 0

|------------------|---------------|--------|-------------|
| Vulnerability ID | Vuln Check ID | Plugin | Plugin Tags |
|------------------|---------------|--------|-------------|
"
dell-idrac-cve-2025-69421-15g,unknown,,"Total number of vulnerability checks: 0

|------------------|---------------|--------|-------------|
| Vulnerability ID | Vuln Check ID | Plugin | Plugin Tags |
|------------------|---------------|--------|-------------|
"
dell-idrac-cve-2025-69421-16g,unknown,,"Total number of vulnerability checks: 0

|------------------|---------------|--------|-------------|
| Vulnerability ID | Vuln Check ID | Plugin | Plugin Tags |
|------------------|---------------|--------|-------------|
"
dell-idrac-cve-2025-69421-17g,unknown,,"Total number of vulnerability checks: 0

|------------------|---------------|--------|-------------|
| Vulnerability ID | Vuln Check ID | Plugin | Plugin Tags |
|------------------|---------------|--------|-------------|
"
dell-idrac-cve-2026-22795-14g,unknown,,"Total number of vulnerability checks: 0

|------------------|---------------|--------|-------------|
| Vulnerability ID | Vuln Check ID | Plugin | Plugin Tags |
|------------------|---------------|--------|-------------|
"
dell-idrac-cve-2026-22795-15g,unknown,,"Total number of vulnerability checks: 0

|------------------|---------------|--------|-------------|
| Vulnerability ID | Vuln Check ID | Plugin | Plugin Tags |
|------------------|---------------|--------|-------------|
"
dell-idrac-cve-2026-22795-16g,unknown,,"Total number of vulnerability checks: 0

|------------------|---------------|--------|-------------|
| Vulnerability ID | Vuln Check ID | Plugin | Plugin Tags |
|------------------|---------------|--------|-------------|
"
dell-idrac-cve-2026-22795-17g,error,"HTTP 500: {
  ""status"" : ""INTERNAL_SERVER_ERROR"",
  ""message"" : ""An error was encountered executing the specified command. {0}"",
  ""_links"" : {
    ""self"" : {
      ""href"" : ""https://192.168.1.162:3780/api/3/ad",
dell-idrac-cve-2026-22796-14g,unknown,,"Total number of vulnerability checks: 0

|------------------|---------------|--------|-------------|
| Vulnerability ID | Vuln Check ID | Plugin | Plugin Tags |
|------------------|---------------|--------|-------------|
"
dell-idrac-cve-2026-22796-15g,unknown,,"Total number of vulnerability checks: 0

|------------------|---------------|--------|-------------|
| Vulnerability ID | Vuln Check ID | Plugin | Plugin Tags |
|------------------|---------------|--------|-------------|
"
dell-idrac-cve-2026-22796-16g,unknown,,"Total number of vulnerability checks: 0

|------------------|---------------|--------|-------------|
| Vulnerability ID | Vuln Check ID | Plugin | Plugin Tags |
|------------------|---------------|--------|-------------|
"
dell-idrac-cve-2026-22796-17g,unknown,,"Total number of vulnerability checks: 0

|------------------|---------------|--------|-------------|
| Vulnerability ID | Vuln Check ID | Plugin | Plugin Tags |
|------------------|---------------|--------|-------------|
"
dell-idrac-cve-2026-25210-14g,unknown,,"Total number of vulnerability checks: 0

|------------------|---------------|--------|-------------|
| Vulnerability ID | Vuln Check ID | Plugin | Plugin Tags |
|------------------|---------------|--------|-------------|
"
dell-idrac-cve-2026-25210-15g,unknown,,"Total number of vulnerability checks: 0

|------------------|---------------|--------|-------------|
| Vulnerability ID | Vuln Check ID | Plugin | Plugin Tags |
|------------------|---------------|--------|-------------|
"
dell-idrac-cve-2026-25210-16g,unknown,,"Total number of vulnerability checks: 0

|------------------|---------------|--------|-------------|
| Vulnerability ID | Vuln Check ID | Plugin | Plugin Tags |
|------------------|---------------|--------|-------------|
"
dell-idrac-cve-2026-26945-14g,unknown,,"Total number of vulnerability checks: 0

|------------------|---------------|--------|-------------|
| Vulnerability ID | Vuln Check ID | Plugin | Plugin Tags |
|------------------|---------------|--------|-------------|
"
dell-idrac-cve-2026-26945-15g,unknown,,"Total number of vulnerability checks: 0

|------------------|---------------|--------|-------------|
| Vulnerability ID | Vuln Check ID | Plugin | Plugin Tags |
|------------------|---------------|--------|-------------|
"
dell-idrac-cve-2026-26945-16g,unknown,,"Total number of vulnerability checks: 0

|------------------|---------------|--------|-------------|
| Vulnerability ID | Vuln Check ID | Plugin | Plugin Tags |
|------------------|---------------|--------|-------------|
"
dell-idrac-cve-2026-26945-17g,unknown,,"Total number of vulnerability checks: 0

|------------------|---------------|--------|-------------|
| Vulnerability ID | Vuln Check ID | Plugin | Plugin Tags |
|------------------|---------------|--------|-------------|
"
dell-idrac-cve-2026-26948-14g,unknown,,"Total number of vulnerability checks: 0

|------------------|---------------|--------|-------------|
| Vulnerability ID | Vuln Check ID | Plugin | Plugin Tags |
|------------------|---------------|--------|-------------|
"
dell-idrac-cve-2026-26948-15g,unknown,,"Total number of vulnerability checks: 0

|------------------|---------------|--------|-------------|
| Vulnerability ID | Vuln Check ID | Plugin | Plugin Tags |
|------------------|---------------|--------|-------------|
"
dell-idrac-cve-2026-26948-16g,unknown,,"Total number of vulnerability checks: 0

|------------------|---------------|--------|-------------|
| Vulnerability ID | Vuln Check ID | Plugin | Plugin Tags |
|------------------|---------------|--------|-------------|
"
dell-idrac-cve-2026-32776-14g,unknown,,"Total number of vulnerability checks: 0

|------------------|---------------|--------|-------------|
| Vulnerability ID | Vuln Check ID | Plugin | Plugin Tags |
|------------------|---------------|--------|-------------|
"
dell-idrac-cve-2026-32776-15g,unknown,,"Total number of vulnerability checks: 0

|------------------|---------------|--------|-------------|
| Vulnerability ID | Vuln Check ID | Plugin | Plugin Tags |
|------------------|---------------|--------|-------------|
"
dell-idrac-cve-2026-32776-16g,unknown,,"Total number of vulnerability checks: 0

|------------------|---------------|--------|-------------|
| Vulnerability ID | Vuln Check ID | Plugin | Plugin Tags |
|------------------|---------------|--------|-------------|
"
dell-idrac-cve-2026-32777-14g,unknown,,"Total number of vulnerability checks: 0

|------------------|---------------|--------|-------------|
| Vulnerability ID | Vuln Check ID | Plugin | Plugin Tags |
|------------------|---------------|--------|-------------|
"
dell-idrac-cve-2026-32777-15g,unknown,,"Total number of vulnerability checks: 0

|------------------|---------------|--------|-------------|
| Vulnerability ID | Vuln Check ID | Plugin | Plugin Tags |
|------------------|---------------|--------|-------------|
"
dell-idrac-cve-2026-32777-16g,unknown,,"Total number of vulnerability checks: 0

|------------------|---------------|--------|-------------|
| Vulnerability ID | Vuln Check ID | Plugin | Plugin Tags |
|------------------|---------------|--------|-------------|
"
dell-idrac-cve-2026-32778-14g,unknown,,"Total number of vulnerability checks: 0

|------------------|---------------|--------|-------------|
| Vulnerability ID | Vuln Check ID | Plugin | Plugin Tags |
|------------------|---------------|--------|-------------|
"
dell-idrac-cve-2026-32778-15g,unknown,,"Total number of vulnerability checks: 0

|------------------|---------------|--------|-------------|
| Vulnerability ID | Vuln Check ID | Plugin | Plugin Tags |
|------------------|---------------|--------|-------------|
"
dell-idrac-cve-2026-32778-16g,unknown,,"Total number of vulnerability checks: 0

|------------------|---------------|--------|-------------|
| Vulnerability ID | Vuln Check ID | Plugin | Plugin Tags |
|------------------|---------------|--------|-------------|
"
dell-idrac-cve-2026-35155-17g,unknown,,"Total number of vulnerability checks: 0

|------------------|---------------|--------|-------------|
| Vulnerability ID | Vuln Check ID | Plugin | Plugin Tags |
|------------------|---------------|--------|-------------|
"
dell-idrac-obsolete,remote,,"Total number of vulnerability checks: 1

|---------------------|---------------------|-----------------------|-------------------------|
| Vulnerability ID    | Vuln Check ID       | Plugin                | Plugin Tags             |
|---------------------|---------------------|----------------------"
hp-ilo-cve-2004-0525,remote,,"Total number of vulnerability checks: 1

|----------------------|----------------------|-------------------|-------------|
| Vulnerability ID     | Vuln Check ID        | Plugin            | Plugin Tags |
|----------------------|----------------------|-------------------|-------------|
| hp-ilo-cve-"
hp-ilo-cve-2008-7270,remote,,"Total number of vulnerability checks: 1

|----------------------|----------------------|-------------------|-------------|
| Vulnerability ID     | Vuln Check ID        | Plugin            | Plugin Tags |
|----------------------|----------------------|-------------------|-------------|
| hp-ilo-cve-"
hp-ilo-cve-2009-3555,remote,,"Total number of vulnerability checks: 1

|----------------------|----------------------|-------------------|-------------|
| Vulnerability ID     | Vuln Check ID        | Plugin            | Plugin Tags |
|----------------------|----------------------|-------------------|-------------|
| hp-ilo-cve-"
hp-ilo-cve-2010-4180,remote,,"Total number of vulnerability checks: 1

|----------------------|----------------------|-------------------|-------------|
| Vulnerability ID     | Vuln Check ID        | Plugin            | Plugin Tags |
|----------------------|----------------------|-------------------|-------------|
| hp-ilo-cve-"
hp-ilo-cve-2012-3271,remote,,"Total number of vulnerability checks: 1

|----------------------|----------------------|-------------------|-------------|
| Vulnerability ID     | Vuln Check ID        | Plugin            | Plugin Tags |
|----------------------|----------------------|-------------------|-------------|
| hp-ilo-cve-"
hp-ilo-cve-2013-2338,remote,,"Total number of vulnerability checks: 1

|----------------------|----------------------|-------------------|-------------|
| Vulnerability ID     | Vuln Check ID        | Plugin            | Plugin Tags |
|----------------------|----------------------|-------------------|-------------|
| hp-ilo-cve-"
hp-ilo-cve-2013-4805,remote,,"Total number of vulnerability checks: 1

|----------------------|----------------------|-------------------|-------------|
| Vulnerability ID     | Vuln Check ID        | Plugin            | Plugin Tags |
|----------------------|----------------------|-------------------|-------------|
| hp-ilo-cve-"
hp-ilo-cve-2013-4842,remote,,"Total number of vulnerability checks: 1

|----------------------|----------------------|-------------------|-------------|
| Vulnerability ID     | Vuln Check ID        | Plugin            | Plugin Tags |
|----------------------|----------------------|-------------------|-------------|
| hp-ilo-cve-"
hp-ilo-cve-2013-4843,remote,,"Total number of vulnerability checks: 1

|----------------------|----------------------|-------------------|-------------|
| Vulnerability ID     | Vuln Check ID        | Plugin            | Plugin Tags |
|----------------------|----------------------|-------------------|-------------|
| hp-ilo-cve-"
hp-ilo-cve-2014-0160,remote,,"Total number of vulnerability checks: 1

|----------------------|----------------------|-------------------|-------------|
| Vulnerability ID     | Vuln Check ID        | Plugin            | Plugin Tags |
|----------------------|----------------------|-------------------|-------------|
| hp-ilo-cve-"
hp-ilo-cve-2014-2601,remote,,"Total number of vulnerability checks: 1

|----------------------|----------------------|-------------------|-------------|
| Vulnerability ID     | Vuln Check ID        | Plugin            | Plugin Tags |
|----------------------|----------------------|-------------------|-------------|
| hp-ilo-cve-"
hp-ilo-cve-2014-3566,remote,,"Total number of vulnerability checks: 1

|----------------------|----------------------|-------------------|-------------|
| Vulnerability ID     | Vuln Check ID        | Plugin            | Plugin Tags |
|----------------------|----------------------|-------------------|-------------|
| hp-ilo-cve-"
hp-ilo-cve-2014-7876,remote,,"Total number of vulnerability checks: 1

|----------------------|----------------------|-------------------|-------------|
| Vulnerability ID     | Vuln Check ID        | Plugin            | Plugin Tags |
|----------------------|----------------------|-------------------|-------------|
| hp-ilo-cve-"
hp-ilo-cve-2015-2106,remote,,"Total number of vulnerability checks: 1

|----------------------|----------------------|-------------------|-------------|
| Vulnerability ID     | Vuln Check ID        | Plugin            | Plugin Tags |
|----------------------|----------------------|-------------------|-------------|
| hp-ilo-cve-"
hp-ilo-cve-2015-4000,remote,,"Total number of vulnerability checks: 1

|----------------------|----------------------|-------------------|-------------|
| Vulnerability ID     | Vuln Check ID        | Plugin            | Plugin Tags |
|----------------------|----------------------|-------------------|-------------|
| hp-ilo-cve-"
hp-ilo-cve-2015-5435,remote,,"Total number of vulnerability checks: 1

|----------------------|----------------------|-------------------|-------------|
| Vulnerability ID     | Vuln Check ID        | Plugin            | Plugin Tags |
|----------------------|----------------------|-------------------|-------------|
| hp-ilo-cve-"
hp-ilo-cve-2016-2183,remote,,"Total number of vulnerability checks: 1

|----------------------|----------------------|-------------------|-------------|
| Vulnerability ID     | Vuln Check ID        | Plugin            | Plugin Tags |
|----------------------|----------------------|-------------------|-------------|
| hp-ilo-cve-"
hp-ilo-cve-2016-4375,remote,,"Total number of vulnerability checks: 1

|----------------------|----------------------|-------------------|-------------|
| Vulnerability ID     | Vuln Check ID        | Plugin            | Plugin Tags |
|----------------------|----------------------|-------------------|-------------|
| hp-ilo-cve-"
hp-ilo-cve-2016-4379,remote,,"Total number of vulnerability checks: 1

|----------------------|----------------------|-------------------|-------------|
| Vulnerability ID     | Vuln Check ID        | Plugin            | Plugin Tags |
|----------------------|----------------------|-------------------|-------------|
| hp-ilo-cve-"
hp-ilo-cve-2016-4406,remote,,"Total number of vulnerability checks: 1

|----------------------|----------------------|-------------------|-------------|
| Vulnerability ID     | Vuln Check ID        | Plugin            | Plugin Tags |
|----------------------|----------------------|-------------------|-------------|
| hp-ilo-cve-"
hp-ilo-cve-2017-12542,remote,,"Total number of vulnerability checks: 2

|-----------------------|------------------------------|-------------------|-------------|
| Vulnerability ID      | Vuln Check ID                | Plugin            | Plugin Tags |
|-----------------------|------------------------------|-------------------|-"
hp-ilo-cve-2017-12543,remote,,"Total number of vulnerability checks: 1

|-----------------------|-----------------------|-------------------|-------------|
| Vulnerability ID      | Vuln Check ID         | Plugin            | Plugin Tags |
|-----------------------|-----------------------|-------------------|-------------|
| hp-il"
hp-ilo-cve-2017-8979,remote,,"Total number of vulnerability checks: 1

|----------------------|----------------------|-------------------|-------------|
| Vulnerability ID     | Vuln Check ID        | Plugin            | Plugin Tags |
|----------------------|----------------------|-------------------|-------------|
| hp-ilo-cve-"
hp-ilo-cve-2017-8987,remote,,"Total number of vulnerability checks: 1

|----------------------|----------------------|-------------------|-------------|
| Vulnerability ID     | Vuln Check ID        | Plugin            | Plugin Tags |
|----------------------|----------------------|-------------------|-------------|
| hp-ilo-cve-"
hp-ilo-cve-2018-7078,remote,,"Total number of vulnerability checks: 1

|----------------------|----------------------|-------------------|-------------|
| Vulnerability ID     | Vuln Check ID        | Plugin            | Plugin Tags |
|----------------------|----------------------|-------------------|-------------|
| hp-ilo-cve-"
hp-ilo-cve-2018-7093,remote,,"Total number of vulnerability checks: 1

|----------------------|----------------------|-------------------|-------------|
| Vulnerability ID     | Vuln Check ID        | Plugin            | Plugin Tags |
|----------------------|----------------------|-------------------|-------------|
| hp-ilo-cve-"
hp-ilo-cve-2018-7101,remote,,"Total number of vulnerability checks: 1

|----------------------|----------------------|-------------------|-------------|
| Vulnerability ID     | Vuln Check ID        | Plugin            | Plugin Tags |
|----------------------|----------------------|-------------------|-------------|
| hp-ilo-cve-"
hp-ilo-cve-2018-7105,remote,,"Total number of vulnerability checks: 1

|----------------------|----------------------|-------------------|-------------|
| Vulnerability ID     | Vuln Check ID        | Plugin            | Plugin Tags |
|----------------------|----------------------|-------------------|-------------|
| hp-ilo-cve-"
hp-ilo-cve-2018-7112,remote,,"Total number of vulnerability checks: 1

|----------------------|----------------------|-------------------|-------------|
| Vulnerability ID     | Vuln Check ID        | Plugin            | Plugin Tags |
|----------------------|----------------------|-------------------|-------------|
| hp-ilo-cve-"
hp-ilo-cve-2018-7113,remote,,"Total number of vulnerability checks: 1

|----------------------|----------------------|-------------------|-------------|
| Vulnerability ID     | Vuln Check ID        | Plugin            | Plugin Tags |
|----------------------|----------------------|-------------------|-------------|
| hp-ilo-cve-"
hp-ilo-cve-2018-7117,remote,,"Total number of vulnerability checks: 1

|----------------------|----------------------|-------------------|-------------|
| Vulnerability ID     | Vuln Check ID        | Plugin            | Plugin Tags |
|----------------------|----------------------|-------------------|-------------|
| hp-ilo-cve-"
hp-ilo-cve-2019-11982,remote,,"Total number of vulnerability checks: 1

|-----------------------|-----------------------|-------------------|-------------|
| Vulnerability ID      | Vuln Check ID         | Plugin            | Plugin Tags |
|-----------------------|-----------------------|-------------------|-------------|
| hp-il"
hp-ilo-cve-2019-11983,remote,,"Total number of vulnerability checks: 1

|-----------------------|-----------------------|-------------------|-------------|
| Vulnerability ID      | Vuln Check ID         | Plugin            | Plugin Tags |
|-----------------------|-----------------------|-------------------|-------------|
| hp-il"
hp-ilo-cve-2020-11896,remote,,"Total number of vulnerability checks: 1

|-----------------------|-----------------------|-------------------|-------------|
| Vulnerability ID      | Vuln Check ID         | Plugin            | Plugin Tags |
|-----------------------|-----------------------|-------------------|-------------|
| hp-il"
hp-ilo-cve-2020-11898,remote,,"Total number of vulnerability checks: 1

|-----------------------|-----------------------|-------------------|-------------|
| Vulnerability ID      | Vuln Check ID         | Plugin            | Plugin Tags |
|-----------------------|-----------------------|-------------------|-------------|
| hp-il"
hp-ilo-cve-2020-11900,remote,,"Total number of vulnerability checks: 1

|-----------------------|-----------------------|-------------------|-------------|
| Vulnerability ID      | Vuln Check ID         | Plugin            | Plugin Tags |
|-----------------------|-----------------------|-------------------|-------------|
| hp-il"
hp-ilo-cve-2020-11906,remote,,"Total number of vulnerability checks: 1

|-----------------------|-----------------------|-------------------|-------------|
| Vulnerability ID      | Vuln Check ID         | Plugin            | Plugin Tags |
|-----------------------|-----------------------|-------------------|-------------|
| hp-il"
hp-ilo-cve-2020-11907,remote,,"Total number of vulnerability checks: 1

|-----------------------|-----------------------|-------------------|-------------|
| Vulnerability ID      | Vuln Check ID         | Plugin            | Plugin Tags |
|-----------------------|-----------------------|-------------------|-------------|
| hp-il"
hp-ilo-cve-2020-11911,remote,,"Total number of vulnerability checks: 1

|-----------------------|-----------------------|-------------------|-------------|
| Vulnerability ID      | Vuln Check ID         | Plugin            | Plugin Tags |
|-----------------------|-----------------------|-------------------|-------------|
| hp-il"
hp-ilo-cve-2020-11912,remote,,"Total number of vulnerability checks: 1

|-----------------------|-----------------------|-------------------|-------------|
| Vulnerability ID      | Vuln Check ID         | Plugin            | Plugin Tags |
|-----------------------|-----------------------|-------------------|-------------|
| hp-il"
hp-ilo-cve-2020-11914,remote,,"Total number of vulnerability checks: 1

|-----------------------|-----------------------|-------------------|-------------|
| Vulnerability ID      | Vuln Check ID         | Plugin            | Plugin Tags |
|-----------------------|-----------------------|-------------------|-------------|
| hp-il"
hp-ilo-cve-2020-27337,remote,,"Total number of vulnerability checks: 1

|-----------------------|-----------------------|-------------------|-------------|
| Vulnerability ID      | Vuln Check ID         | Plugin            | Plugin Tags |
|-----------------------|-----------------------|-------------------|-------------|
| hp-il"
hp-ilo-cve-2020-7202,remote,,"Total number of vulnerability checks: 1

|----------------------|----------------------|-------------------|-------------|
| Vulnerability ID     | Vuln Check ID        | Plugin            | Plugin Tags |
|----------------------|----------------------|-------------------|-------------|
| hp-ilo-cve-"
hp-ilo-cve-2021-29201,remote,,"Total number of vulnerability checks: 1

|-----------------------|-----------------------|-------------------|-------------|
| Vulnerability ID      | Vuln Check ID         | Plugin            | Plugin Tags |
|-----------------------|-----------------------|-------------------|-------------|
| hp-il"
hp-ilo-cve-2021-29202,remote,,"Total number of vulnerability checks: 1

|-----------------------|-----------------------|-------------------|-------------|
| Vulnerability ID      | Vuln Check ID         | Plugin            | Plugin Tags |
|-----------------------|-----------------------|-------------------|-------------|
| hp-il"
hp-ilo-cve-2021-29204,remote,,"Total number of vulnerability checks: 1

|-----------------------|-----------------------|-------------------|-------------|
| Vulnerability ID      | Vuln Check ID         | Plugin            | Plugin Tags |
|-----------------------|-----------------------|-------------------|-------------|
| hp-il"
hp-ilo-cve-2021-29205,remote,,"Total number of vulnerability checks: 1

|-----------------------|-----------------------|-------------------|-------------|
| Vulnerability ID      | Vuln Check ID         | Plugin            | Plugin Tags |
|-----------------------|-----------------------|-------------------|-------------|
| hp-il"
hp-ilo-cve-2021-29206,remote,,"Total number of vulnerability checks: 1

|-----------------------|-----------------------|-------------------|-------------|
| Vulnerability ID      | Vuln Check ID         | Plugin            | Plugin Tags |
|-----------------------|-----------------------|-------------------|-------------|
| hp-il"
hp-ilo-cve-2021-29207,remote,,"Total number of vulnerability checks: 1

|-----------------------|-----------------------|-------------------|-------------|
| Vulnerability ID      | Vuln Check ID         | Plugin            | Plugin Tags |
|-----------------------|-----------------------|-------------------|-------------|
| hp-il"
hp-ilo-cve-2021-29208,remote,,"Total number of vulnerability checks: 1

|-----------------------|-----------------------|-------------------|-------------|
| Vulnerability ID      | Vuln Check ID         | Plugin            | Plugin Tags |
|-----------------------|-----------------------|-------------------|-------------|
| hp-il"
hp-ilo-cve-2021-29209,remote,,"Total number of vulnerability checks: 1

|-----------------------|-----------------------|-------------------|-------------|
| Vulnerability ID      | Vuln Check ID         | Plugin            | Plugin Tags |
|-----------------------|-----------------------|-------------------|-------------|
| hp-il"
hp-ilo-cve-2021-29210,remote,,"Total number of vulnerability checks: 1

|-----------------------|-----------------------|-------------------|-------------|
| Vulnerability ID      | Vuln Check ID         | Plugin            | Plugin Tags |
|-----------------------|-----------------------|-------------------|-------------|
| hp-il"
hp-ilo-cve-2021-29211,error,"HTTP 500: {
  ""status"" : ""INTERNAL_SERVER_ERROR"",
  ""message"" : ""An error was encountered executing the specified command. {0}"",
  ""_links"" : {
    ""self"" : {
      ""href"" : ""https://192.168.1.162:3780/api/3/ad",
hp-ilo-cve-2021-3712,remote,,"Total number of vulnerability checks: 1

|----------------------|----------------------|-------------------|-------------|
| Vulnerability ID     | Vuln Check ID        | Plugin            | Plugin Tags |
|----------------------|----------------------|-------------------|-------------|
| hp-ilo-cve-"
hp-ilo-cve-2021-46846,remote,,"Total number of vulnerability checks: 1

|-----------------------|-----------------------|-------------------|-------------|
| Vulnerability ID      | Vuln Check ID         | Plugin            | Plugin Tags |
|-----------------------|-----------------------|-------------------|-------------|
| hp-il"
hp-ilo-cve-2022-0778,remote,,"Total number of vulnerability checks: 1

|----------------------|----------------------|-------------------|-------------|
| Vulnerability ID     | Vuln Check ID        | Plugin            | Plugin Tags |
|----------------------|----------------------|-------------------|-------------|
| hp-ilo-cve-"
hp-ilo-cve-2022-23701,remote,,"Total number of vulnerability checks: 1

|-----------------------|-----------------------|-------------------|-------------|
| Vulnerability ID      | Vuln Check ID         | Plugin            | Plugin Tags |
|-----------------------|-----------------------|-------------------|-------------|
| hp-il"
hp-ilo-cve-2022-23704,remote,,"Total number of vulnerability checks: 1

|-----------------------|-----------------------|-------------------|-------------|
| Vulnerability ID      | Vuln Check ID         | Plugin            | Plugin Tags |
|-----------------------|-----------------------|-------------------|-------------|
| hp-il"
hp-ilo-cve-2022-28626,remote,,"Total number of vulnerability checks: 1

|-----------------------|-----------------------|-------------------|-------------|
| Vulnerability ID      | Vuln Check ID         | Plugin            | Plugin Tags |
|-----------------------|-----------------------|-------------------|-------------|
| hp-il"
hp-ilo-cve-2022-28627,remote,,"Total number of vulnerability checks: 1

|-----------------------|-----------------------|-------------------|-------------|
| Vulnerability ID      | Vuln Check ID         | Plugin            | Plugin Tags |
|-----------------------|-----------------------|-------------------|-------------|
| hp-il"
hp-ilo-cve-2022-28628,remote,,"Total number of vulnerability checks: 1

|-----------------------|-----------------------|-------------------|-------------|
| Vulnerability ID      | Vuln Check ID         | Plugin            | Plugin Tags |
|-----------------------|-----------------------|-------------------|-------------|
| hp-il"
hp-ilo-cve-2022-28629,remote,,"Total number of vulnerability checks: 1

|-----------------------|-----------------------|-------------------|-------------|
| Vulnerability ID      | Vuln Check ID         | Plugin            | Plugin Tags |
|-----------------------|-----------------------|-------------------|-------------|
| hp-il"
hp-ilo-cve-2022-28630,remote,,"Total number of vulnerability checks: 1

|-----------------------|-----------------------|-------------------|-------------|
| Vulnerability ID      | Vuln Check ID         | Plugin            | Plugin Tags |
|-----------------------|-----------------------|-------------------|-------------|
| hp-il"
hp-ilo-cve-2022-28631,remote,,"Total number of vulnerability checks: 1

|-----------------------|-----------------------|-------------------|-------------|
| Vulnerability ID      | Vuln Check ID         | Plugin            | Plugin Tags |
|-----------------------|-----------------------|-------------------|-------------|
| hp-il"
hp-ilo-cve-2022-28632,remote,,"Total number of vulnerability checks: 1

|-----------------------|-----------------------|-------------------|-------------|
| Vulnerability ID      | Vuln Check ID         | Plugin            | Plugin Tags |
|-----------------------|-----------------------|-------------------|-------------|
| hp-il"
hp-ilo-cve-2022-28633,remote,,"Total number of vulnerability checks: 1

|-----------------------|-----------------------|-------------------|-------------|
| Vulnerability ID      | Vuln Check ID         | Plugin            | Plugin Tags |
|-----------------------|-----------------------|-------------------|-------------|
| hp-il"
hp-ilo-cve-2022-28634,remote,,"Total number of vulnerability checks: 1

|-----------------------|-----------------------|-------------------|-------------|
| Vulnerability ID      | Vuln Check ID         | Plugin            | Plugin Tags |
|-----------------------|-----------------------|-------------------|-------------|
| hp-il"
hp-ilo-cve-2022-28635,remote,,"Total number of vulnerability checks: 1

|-----------------------|-----------------------|-------------------|-------------|
| Vulnerability ID      | Vuln Check ID         | Plugin            | Plugin Tags |
|-----------------------|-----------------------|-------------------|-------------|
| hp-il"
hp-ilo-cve-2022-28636,remote,,"Total number of vulnerability checks: 1

|-----------------------|-----------------------|-------------------|-------------|
| Vulnerability ID      | Vuln Check ID         | Plugin            | Plugin Tags |
|-----------------------|-----------------------|-------------------|-------------|
| hp-il"
hp-ilo-cve-2022-28637,remote,,"Total number of vulnerability checks: 1

|-----------------------|-----------------------|-------------------|-------------|
| Vulnerability ID      | Vuln Check ID         | Plugin            | Plugin Tags |
|-----------------------|-----------------------|-------------------|-------------|
| hp-il"
hp-ilo-cve-2022-28638,remote,,"Total number of vulnerability checks: 1

|-----------------------|-----------------------|-------------------|-------------|
| Vulnerability ID      | Vuln Check ID         | Plugin            | Plugin Tags |
|-----------------------|-----------------------|-------------------|-------------|
| hp-il"
hp-ilo-cve-2022-28639,remote,,"Total number of vulnerability checks: 1

|-----------------------|-----------------------|-------------------|-------------|
| Vulnerability ID      | Vuln Check ID         | Plugin            | Plugin Tags |
|-----------------------|-----------------------|-------------------|-------------|
| hp-il"
hp-ilo-cve-2022-28640,remote,,"Total number of vulnerability checks: 1

|-----------------------|-----------------------|-------------------|-------------|
| Vulnerability ID      | Vuln Check ID         | Plugin            | Plugin Tags |
|-----------------------|-----------------------|-------------------|-------------|
| hp-il"
hp-ilo-cve-2023-28083,remote,,"Total number of vulnerability checks: 1

|-----------------------|-----------------------|-------------------|-------------|
| Vulnerability ID      | Vuln Check ID         | Plugin            | Plugin Tags |
|-----------------------|-----------------------|-------------------|-------------|
| hp-il"
hp-ilo-cve-2023-28092,remote,,"Total number of vulnerability checks: 1

|-----------------------|-----------------------|-------------------|-------------|
| Vulnerability ID      | Vuln Check ID         | Plugin            | Plugin Tags |
|-----------------------|-----------------------|-------------------|-------------|
| hp-il"
hp-ilo-cve-2023-30911,remote,,"Total number of vulnerability checks: 1

|-----------------------|-----------------------|-------------------|-------------|
| Vulnerability ID      | Vuln Check ID         | Plugin            | Plugin Tags |
|-----------------------|-----------------------|-------------------|-------------|
| hp-il"
hp-ilo-cve-2023-50272,remote,,"Total number of vulnerability checks: 1

|-----------------------|-----------------------|-------------------|-------------|
| Vulnerability ID      | Vuln Check ID         | Plugin            | Plugin Tags |
|-----------------------|-----------------------|-------------------|-------------|
| hp-il"
hp-ilo-cve-2026-63457,remote,,"Total number of vulnerability checks: 1

|-----------------------|-----------------------|-------------------|-------------|
| Vulnerability ID      | Vuln Check ID         | Plugin            | Plugin Tags |
|-----------------------|-----------------------|-------------------|-------------|
| hp-il"
hp-ilo-remote-cve-2017-12542,unknown,,"Total number of vulnerability checks: 0

|------------------|---------------|--------|-------------|
| Vulnerability ID | Vuln Check ID | Plugin | Plugin Tags |
|------------------|---------------|--------|-------------|
"
